image_id,frame_filename,primary_object_label,secondary_object_labels,narrative_label,confidence,requires_context,annotator_id,annotator_notes
nosferatu_000005,nosferatu_000005.jpg,frightened_faces,,unknown_ambiguous,medium,no,1,το frame δειχνει ενα θυμωμενο σχετικα προσωπο
nosferatu_000013,nosferatu_000013.jpg,satanic_symbols,dark_figures; demon_figures,occult_symbolism,medium,no,1,το frame δειχνει 6 περιεργες φιγουρες
nosferatu_000023,nosferatu_000023.jpg,dark_figures,,unknown_ambiguous,low,no,1,το frame δειχνει σαν ενα μακρινο background
nosferatu_000044,nosferatu_000044.jpg,satanic_symbols,demon_figures; frightened_faces,ritual_or_curse,yes,1,το frame δειχνει σαν μια τελετη και παγιδευμενους ανθρωπους
nosferatu_000048,nosferatu_000048.jpg,demon_figures,satanic_symbols; dark_figures,supernatural_threat,high,no,1,το frame δειχνει κοκκινο αερα στον χωρο και εναν δαιμονα να καθεται στον θρονο
nosferatu_000054,nosferatu_000054.jpg,frightened_faces,,unknown_ambiguous,medium,yes,1,το frame δειχνει κατι ανθρωπους να εργαζονται στα χωραφια καπως φοβισμενοι
nosferatu_000056,nosferatu_000056.jpg,frightened_faces,,unknown_ambiguous,medium,yes,1,το frame δειχνει 3 ανθρωπους οπου ο ενας παρακαλαει φοβισμενος τον εναν απο τους δυο
nosferatu_000059,nosferatu_000059.jpg,satanic_symbols,,ritual_or_curse,medium,yes,1,το frame δειχνει οτι πανε να θυσιασουν μια κατσικα
nosferatu_000064,nosferatu_000064.jpg,torture_scene,,ritual_or_curse,medium,yes,1,to frame δειχνει σαν να θυσιαζουν μια γυναικα με ενα δηλητηριο
nosferatu_000076,nosferatu_000076.jpg,demon_figures,,supernatural_threat,high,no,1,το frame δειχνει κοσμο να ακουλουθαει εναν δαιμονα
nosferatu_000078,nosferatu_000078.jpg,demon_figures,,occult_symbolism,low,no,1,το frame δειχνει μια κυρια να αιωρειτε με ενα ζωο
nosferatu_000081,nosferatu_000081.jpg,frightened_faces,satanic_symbols,ritual_or_curse,medium,no,1,το frame δειχνει σαν να κανουν κατι περιεργα πλασματα μια τελετη με ανθρωπους
nosferatu_000083,nosferatu_000083.jpg,frightened_faces,demon_figures,occult_symbolism,medium,no,1,το frame δειχνει σαν να γινεται μια τελετη και επιτεθηκαν δαιμονες σε ανθρωπους
nosferatu_000085,nosferatu_000085.jpg,dark_figures,,unknown_ambiguous,high,yes,1,το frame δειχνει μια κυρια που σαν να κανει τελετη
nosferatu_000088,nosferatu_000088.jpg,dark_figures,,unknown_ambiguous,high,yes,1,το frame δειχνει μια κυρια σαν να κανει τελετη
nosferatu_000089,nosferatu_000089.jpg,dark_figures,,unknown_ambiguous,medium,yes,1,το frame δειχνει τρεις κυριες που μαλλον ετοιμαζουν μια τελετη
nosferatu_000093,nosferatu_000093.jpg,dark_figures,,unknown_ambiguous,high,no,1,το frame δειχνει μια περιεργη κυρια σε περιεργη κατασταση
nosferatu_000094,nosferatu_000094.jpg,dark_figures,,unknown_ambiguous,high,yes,1,το frame δειχνει δυο κυριες
nosferatu_000095,nosferatu_000095.jpg,dark_figures,satanic_symbols,occult_symbolism,high,yes,1,το frame δειχνει μια κυρια και μια νεκροκεφαλη
nosferatu_000096,nosferatu_000096.jpg,dark_figures,,unknown_ambiguous,high,yes,1,το frame δειχνει μια κυρια
nosferatu_000101,nosferatu_000101.jpg,satanic_symbols,,occult_symbolism,high,no,1,το frame δειχνει μερικα σατανικα αντικειμενα μεσα σε ενα μπολ
nosferatu_000102,nosferatu_000102.jpg,dark_figures,,unknown_ambiguous,high,yes,1,το frame δειχνει δυο κυριες
nosferatu_000104,nosferatu_000104.jpg,dark_figures,,unknown_ambiguous,high,no,1,το frame δειχνει μια κυρια εξω απο ενα σπιτι
nosferatu_000110,nosferatu_000110.jpg,frightened_faces,,unknown_ambiguous,low,no,1,το frame δειχνει μια κυρια να κοιταει περιεργα ενα αντικειμενο που κραταει ενας αντρας
nosferatu_000112,nosferatu_000112.jpg,frightened_faces,,unknown_ambiguous,low,yes,1,το frame δειχνει εναν αντρα να γελαει και μια γυναικα που τον κοιταει
nosferatu_000113,nosferatu_000113.jpg,frightened_faces,,unknown_ambiguous,low,no,1,το frame δειχνει μια γυναικα να γελαει
nosferatu_000114,nosferatu_000114.jpg,frightened_faces,,unknown_ambiguous,low,yes,1,το frame δειχνει ενα αντρογυνο να γελαει
nosferatu_000115,nosferatu_000115.jpg,frightened_faces,,unknown_ambiguous,low,yes,1,το frame δειχνει ενα αντρογυνο να γελαει
nosferatu_000117,nosferatu_000117.jpg,dark_figures,,unknown_ambiguous,medium,no,1,το frame δειχνει μια κυρια να κοιταει περιεργα εναν αντρα
nosferatu_000119,nosferatu_000119.jpg,frightened_faces,,unknown_ambiguous,low,no,1,το frame δειχνει μια γυναικα να γελαει
nosferatu_000121,nosferatu_000121.jpg,frightened_faces,,unknown_ambiguous,low,no,1,το frame δειχνει εναν αντρα να γευματιζει
nosferatu_000122,nosferatu_000122.jpg,frightened_faces,,unknown_ambiguous,low,no,1,το frame δειχνει εναν αντρα να πινει κατι
nosferatu_000123,nosferatu_000123.jpg,frightened_faces,,unknown_ambiguous,low,yes,1,το frame δειχνει εναν αντρα να γελαει
nosferatu_000125,nosferatu_000125.jpg,dark_figures,,unknown_ambiguous,high,no,1,το frame δειχνει μια κυρια σε ενα δασος
nosferatu_000126,nosferatu_000126.jpg,dark_figures,,unknown_ambiguous,high,no,1,το frame δειχνει ενα αντρογυνο στο δασος
nosferatu_000127,nosferatu_000127.jpg,dark_figures,,unknown_ambiguous,high,no,1,το frame δειχνει ενα αντρογυνο
nosferatu_000129,nosferatu_000129.jpg,dark_figures,,unknown_ambiguous,high,no,1,το frame δειχνει εναν αντρα και μια κυρια
nosferatu_000133,nosferatu_000133.jpg,dark_figures,,unknown_ambiguous,high,no,1,το frame δειχνει μια κυρια εξω απο ενα σπιτι
nosferatu_000137,nosferatu_000137.jpg,frightened_faces,,unknown_ambiguous,high,yes,1,το frame δειχνει μια κυρια τρομαγμενη
nosferatu_000143,nosferatu_000143.jpg,torture_scene,,ritual_or_curse,high,yes,1,το frame δειχνει δυο αντρες που προσπαθουν να σκοτωσουν μια κυρια
nosferatu_000148,nosferatu_000148.jpg,torture_scene,,ritual_or_curse,high,no,1,το frame δειχνει δυο αντρες που σκοτωσουν μια κυρια με μαχαιρι
nosferatu_000151,nosferatu_000151.jpg,dark_figures,,unknown_ambiguous,high,no,1,το frame δειχνει μια κυρια εξω απο ενα σπιτι
nosferatu_000154,nosferatu_000154.jpg,dark_figures,,unknown_ambiguous,high,yes,1,το frame δειχνει μια κυρια και εναν αντρα εξω απο ενα σπιτι
nosferatu_000156,nosferatu_000156.jpg,dark_figures,,unknown_ambiguous,high,no,1,το frame δειχνει μια κυρια και εναν αντρα εξω απο ενα σπιτι
nosferatu_000159,nosferatu_000159.jpg,dark_figures,,unknown_ambiguous,high,no,1,το frame δειχνει εναν αντρα με πλανο την πλατη του
nosferatu_000162,nosferatu_000162.jpg,frightened_faces,,unknown_ambiguous,high,yes,1,το frame δειχνει μια κυρια τρομαγμενη ξαπλωμενη
nosferatu_000164,nosferatu_000164.jpg,dark_figures,,unknown_ambiguous,high,no,1,το frame δειχνει εναν ανθρωπο σε ενα χωραφι
nosferatu_000167,nosferatu_000167.jpg,demon_figures,,supernatural_threat,high,no,1,το frame δειχνει εναν τεραστιο δαιμονα και εναν ανθρωπο
nosferatu_000169,nosferatu_000169.jpg,demon_figures,,supernatural_threat,high,yes,1,το frame δειχνει εναν δαιμονικο αντρα
nosferatu_000173,nosferatu_000173.jpg,satanic_symbols,,occult_symbolism,medium,yes,1,το frame δειχνει μια κυρια που κανει κατι σαν τελετη/βουντου
nosferatu_000175,nosferatu_000175.jpg,satanic_symbols,,occult_symbolism,medium,no,1,το frame δειχνει μια κυρια που κανει κατι σαν τελετη/βουντου
nosferatu_000177,nosferatu_000177.jpg,satanic_symbols,,occult_symbolism,medium,no,1,το frame δειχνει μια κυρια που κανει κατι σαν τελετη/βουντου
nosferatu_000178,nosferatu_000178.jpg,satanic_symbols,,occult_symbolism,medium,no,1,το frame δειχνει μια κυρια που κανει κατι σαν τελετη/βουντου
nosferatu_000179,nosferatu_000179.jpg,demon_figures,,supernatural_threat,high,yes,1,το frame δειχνει εναν δαιμονικο αντρα
nosferatu_000180,nosferatu_000180.jpg,frightened_faces,,unknown_ambiguous,medium,yes,1,το frame δειχνει μια κυρια τρομαγμενη στο πατωμα
nosferatu_000181,nosferatu_000181.jpg,frightened_faces,,unknown_ambiguous,medium,yes,1,το frame δειχνει μια κυρια τρομαγμενη
nosferatu_000183,nosferatu_000183.jpg,frightened_faces,,unknown_ambiguous,low,no,1,το frame δειχνει μια κυρια να κοιμαται
nosferatu_000185,nosferatu_000185.jpg,frightened_faces,,unknown_ambiguous,low,no,1,το frame δειχνει μια κυρια να κοιμαται
nosferatu_000186,nosferatu_000186.jpg,frightened_faces,,unknown_ambiguous,high,yes,1,το frame δειχνει μια κυρια τρομαγμενη
nosferatu_000189,nosferatu_000189.jpg,frightened_faces,,unknown_ambiguous,medium,yes,1,το frame δειχνει μια κυρια σαν να ακουσε κατι και να τρομαξε
nosferatu_000192,nosferatu_000192.jpg,satanic_symbols,,unknown_ambiguous,low,no,1,το frame δειχνει κατι κερματα σε ενα τραπεζι
nosferatu_000195,nosferatu_000195.jpg,dark_figures,,unknown_ambiguous,low,yes,1,το frame δειχνει μια κυρια απο το πλαϊ να κοιταει προς την πορτα της
nosferatu_000196,nosferatu_000196.jpg,satanic_symbols,,unknown_ambiguous,low,no,1,το frame δειχνει φαγητο πανω στο τραπεζι
nosferatu_000197,nosferatu_000197.jpg,dark_figures,,unknown_ambiguous,low,no,1,το frame δειχνει μια κυρια σε μια κουζινα
nosferatu_000199,nosferatu_000199.jpg,frightened_faces,,unknown_ambiguous,high,yes,1,το frame δειχνει μια κυρια τρομαγμενη/ξαφνιασμενη
nosferatu_000203,nosferatu_000203.jpg,frightened_faces,,unknown_ambiguous,low,yes,1,το frame δειχνει δυο κυριες να μπαινουν στο δωματιο
nosferatu_000206,nosferatu_000206.jpg,dark_figures,,unknown_ambiguous,low,yes,1,το frame δειχνει εναν κυριο να κατασκοπευει εξω απο το παραθυρο του
nosferatu_000210,nosferatu_000210.jpg,dark_figures,,unknown_ambiguous,low,no,1,το frame δειχνει κατι ανθρωπους που ειναι σε ενα ποταμι με μια βαρκα και καποιους αλλους ανθρωπους να τους κοιτανε απεξω
nosferatu_000219,nosferatu_000219.jpg,torture_scene,,ritual_or_curse,medium,yes,1,το frame δειχνει 5 ανθρωπους σε ενα δωματιο σαν να θυσιαζουν αλλον εναν ανθρωπο που ειναι ξαπλωμενος στο κρεβατι
nosferatu_000220,nosferatu_000220.jpg,dark_figures,,unknown_ambiguous,low,no,1,το frame δειχνει μια κυρια να ετοιμαζει κατι πραγματα
nosferatu_000222,nosferatu_000222.jpg,torture_scene,,ritual_or_curse,medium,yes,1,το frame δειχνει 4 ανθρωπους σε ενα δωματιο που συνεχιζουν την τελετη
nosferatu_000224,nosferatu_000224.jpg,frightened_faces,,unknown_ambiguous,low,yes,1,το frame δειχνει εναν αντρα λιγο σκεπτομενο
nosferatu_000225,nosferatu_000225.jpg,torture_scene,,ritual_or_curse,medium,yes,1,το frame δειχνει 3 κυριες και εναν αντρα οπου ο αντρας προσπαθει να σκοτωσει με δηλητηριο μια γυναικα
nosferatu_000227,nosferatu_000227.jpg,satanic_symbols,,ritual_or_curse,medium,no,1,το frame δειχνει ενα μπολ που περιεχει το δηλητηριο
nosferatu_000229,nosferatu_000229.jpg,dark_figures,,unknown_ambiguous,low,no,1,το frame δειχνει ενα αδειο δωματιο
nosferatu_000232,nosferatu_000232.jpg,frightened_faces,,unknown_ambiguous,low,yes,1,το frame δειχνει μια κυρια σοκαρισμενη
nosferatu_000234,nosferatu_000234.jpg,dark_figures,,unknown_ambiguous,low,no,1,το frame δειχνει εναν αντρα με μια κυρια να συζητουν
nosferatu_000235,nosferatu_000235.jpg,dark_figures,,unknown_ambiguous,low,no,1,το frame δειχνει ενα αδειο δωματιο
nosferatu_000237,nosferatu_000237.jpg,dark_figures,,unknown_ambiguous,low,no,1,το frame δειχνει δυο κυριες στο δωματιο
nosferatu_000241,nosferatu_000241.jpg,frightened_faces,,unknown_ambiguous,low,yes,1,το frame δειχνει μια κυρια σοκαρισμενη
nosferatu_000242,nosferatu_000242.jpg,dark_figures,,unknown_ambiguous,low,no,1,το frame δειχνει δυο κυριες στο δωματιο
nosferatu_000244,nosferatu_000244.jpg,dark_figures,,unknown_ambiguous,low,no,1,το frame δειχνει δυο κυριες που ετοιμαζονται να φυγουν απο το δωματιο που δημητηριασαν την κοπελα απο πριν
nosferatu_000246,nosferatu_000246.jpg,frightened_faces,,unknown_ambiguous,high,yes,1,το frame δειχνει μια κυρια τρομαγμενη
nosferatu_000247,nosferatu_000247.jpg,frightened_faces,,unknown_ambiguous,low,yes,1,το frame δειχνει μια κυρια σοκαρισμενη και μια να της μιλαει
nosferatu_000248,nosferatu_000248.jpg,frightened_faces,,unknown_ambiguous,medium,yes,1,το frame δειχνει μια κυρια φοβισμενη/αγχωμενη
nosferatu_000250,nosferatu_000250.jpg,dark_figures,,unknown_ambiguous,low,no,1,το frame δειχνει δυο κυριες στο δωματιο
nosferatu_000255,nosferatu_000255.jpg,dark_figures,,unknown_ambiguous,low,no,1,το frame δειχνει δυο αντρες και μια κυρια με τον εναν κυριο να ειναι σκεπτομενος
nosferatu_000256,nosferatu_000256.jpg,frightened_faces,,unknown_ambiguous,medium,yes,1,το frame δειχνει εναν αντρα καπως αγχωμενο
nosferatu_000257,nosferatu_000257.jpg,frightened_faces,,unknown_ambiguous,medium,yes,1,το frame δειχνει μια κυρια να του μιλαει του αντρα και αυτη καπως αγχωμενη
nosferatu_000258,nosferatu_000258.jpg,dark_figures,,unknown_ambiguous,low,no,1,το frame δειχνει εναν αντρα που βλεπει τους αλλους να εχουν αποχωρησει απο τον χωρο
nosferatu_000259,nosferatu_000259.jpg,dark_figures,,unknown_ambiguous,low,no,1,το frame δειχνει δυο αντρες να διαβαζουν ενα βιβλιο
nosferatu_000260,nosferatu_000260.jpg,frightened_faces,,unknown_ambiguous,low,yes,1,το frame δειχνει εναν αντρα καπως στεναχωρημενο
nosferatu_000262,nosferatu_000262.jpg,dark_figures,,unknown_ambiguous,low,yes,2,Frame δείχνει main characters
nosferatu_000265,nosferatu_000265.jpg,dark_figures,dark_figures,unknown_ambiguous,low,yes,2,Frame δείχενι γιαγια να μαγειρεύει και secondary χαρακτήρες στο βάσθος
nosferatu_000267,nosferatu_000267.jpg,dark_figures,dark_figures,unknown_ambiguous,low,yes,2,Frame δείχενι χαρακτήρες
nosferatu_000270,nosferatu_000270.jpg,dark_figures,,occult_symbolism,medium,yes,2,Frame δείχνει χαρακτήρες να στέκονται γύρω απο κάτι
nosferatu_000275,nosferatu_000275.jpg,dark_figures,,unknown_ambiguous,high,yes,2,Frame δείχνει περιέργους χαρακτήρας μαζεμένους
nosferatu_000277,nosferatu_000277.jpg,torture_scene,,body_vulnerability,high,no,2,Frame δείχενι χαρακτήρα να βασανίζεται
nosferatu_000278,nosferatu_000278.jpg,dark_figures,,body_vulnerability,medium,no,2,Frame δείχενι χαρακτήρες να μιλούν, γιαγιά φαίνεται τραυματισμένη
nosferatu_000282,nosferatu_000282.jpg,dark_figures,,body_vulnerability,high,yes,2,Frame παρόμοιο με τα γειτονικά, προσθέτει context
nosferatu_000286,nosferatu_000286.jpg,dark_figures,satanic_symbols,ritual_or_curse,medium,yes,2,Frame όπου χαρακτήρες βρίσκονται δωμάτιο με σύμβολα κάνουν τελετή σε ηέρο
nosferatu_000290,nosferatu_000290.jpg,dark_figures,,ritual_or_curse,low,yes,2,Frame δείχνει χαρακτήρες με ίδιο κούρεμα να διαχειρίζονται κάτι
nosferatu_000291,nosferatu_000291.jpg,dark_figures,,ritual_or_curse,low,yes,2,Frame δείχενι ίδιους χαρακτήρες να συζητούν
nosferatu_000293,nosferatu_000293.jpg,frightened_faces,,body_vulnerability,medium,no,2,Frame δείχνει γριά τραυματισμένη να κοιτάει απελπισμένα
nosferatu_000296,nosferatu_000296.jpg,torture_scene,,body_vulnerability,high,no,2,Frame δείχενι βασανιστήριο χαρακτήρα, δείχνοντας τα εγκλοβισμένα πόδια του.
nosferatu_000297,nosferatu_000297.jpg,frightened_faces,,body_vulnerability,medium,no,2,Frame δείχνει γριά τυφλή και δαρμένη
nosferatu_000298,nosferatu_000298.jpg,dark_figures,,unknown_ambiguous,low,yes,2,Χαρακτήρας κάθετε σε θρόνο
nosferatu_000301,nosferatu_000301.jpg,frightened_faces,,body_vulnerability,high,no,2,Frame δείχνει γριά που έχει φθορά στο πρόσωπο της, κλείνει τα μάτια της
nosferatu_000304,nosferatu_000304.jpg,dark_figures,,unknown_ambiguous,low,yes,2,Frame δείχενι χαρακτήρες να κοιτάνε επιγραφές
nosferatu_000309,nosferatu_000309.jpg,dark_figures,,body_vulnerability,high,yes,2,Frame δείχενι ετοιμοθάνατη γριά γυναίκα και έναν χαρακτήρα που την υποστηρίζει 
nosferatu_000322,nosferatu_000322.jpg,satanic_symbols,,ritual_or_curse,high,no,2,Frame δείχενι σύμβολα σατανικά τοποθετημένα έτσι, για τελετή
nosferatu_000323,nosferatu_000323.jpg,demon_figures,,ritual_or_curse,high,no,2,Frame δείχνει σατανική οντώτητα να διαχειρίζεται αντικείμενο
nosferatu_000325,nosferatu_000325.jpg,dark_figures,,unknown_ambiguous,medium,yes,2,Frame δείχνει χαρακτήρες να περιμένουν έξω απο μια πόρτα
nosferatu_000327,nosferatu_000327.jpg,demon_figures,,ritual_or_curse,high,no,2,Frame δείχνει σατανικές φιγούρες στο σκωτάδι
nosferatu_000328,nosferatu_000328.jpg,demon_figures,satanic_symbols,ritual_or_curse,high,no,2,Frame δείχνει σατανικές φιγούρες με αντικείμενα
nosferatu_000329,nosferatu_000329.jpg,dark_figures,demon_figures,ritual_or_curse,medium,no,2,Frame δείχνει φιγούρα να υποκλείνεται σε δεμονική οντώτητα
nosferatu_000331,nosferatu_000331.jpg,demon_figures,,unknown_ambiguous,high,no,2,Frame δείχνει δεμονικές φιγούρες
nosferatu_000332,nosferatu_000332.jpg,demon_figures,dark_figures,ritual_or_curse,high,no,2,Frame δείχνει θυσία μωρού από δεμονικούς χαρακτήρες
nosferatu_000333,nosferatu_000333.jpg,demon_figures,,ritual_or_curse,high,yes,2,Frame δείχνει συνέχεια τελετής
nosferatu_000334,nosferatu_000334.jpg,demon_figures,,ritual_or_curse,high,yes,2,Frame δείχνει συνέχεια τελετής
nosferatu_000337,nosferatu_000337.jpg,dark_figures,,unknown_ambiguous,medium,no,2,Frame δείχνει χαρακτήρες να συνομιλούν χαμογελαστά
nosferatu_000338,nosferatu_000338.jpg,frightened_faces,,unknown_ambiguous,low,no,2,Frame δείχνει πρόσωπο να χαμογελάει
nosferatu_000340,nosferatu_000340.jpg,occult_symbolism,,unknown_ambiguous,low,no,2,Frame δείχνει εικόνα συμβολική αλλά όχι ξεκάθαρη
nosferatu_000344,nosferatu_000344.jpg,occult_symbolism,,unknown_ambiguous,medium,no,2,Frame δείχνει σύμβολα καθώς και μέρη σώματος
nosferatu_000345,nosferatu_000345.jpg,frightened_faces,,unknown_ambiguous,high,no,2,Frame δείχνει επικρητικό πρόσωπο γριάς
nosferatu_000349,nosferatu_000349.jpg,dark_figures,,unknown_ambiguous,high,no,2,Frame δείχνει χαρακτήρες να μιλάνε στο σκωτάδι
nosferatu_000352,nosferatu_000352.jpg,frightened_faces,,unknown_ambiguous,high,no,2,Frame δείχνει πρόσωπο γριάς φοβησμένης
nosferatu_000356,nosferatu_000356.jpg,dark_figures,,unknown_ambiguous,low,no,2,Frame δείχνει συνάντηση δύο χαρακτήρων 
nosferatu_000357,nosferatu_000357.jpg,frightened_faces,,unknown_ambiguous,low,yes,1,το frame δειχνει μια κυρια καπως λυπημενη
nosferatu_000358,nosferatu_000358.jpg,dark_figures,,unknown_ambiguous,low,no,1,το frame δειχνει μια κυρια να τσεκαρει την αλλη κοπελα που δημητηριασαν πριν
nosferatu_000359,nosferatu_000359.jpg,dark_figures,,unknown_ambiguous,low,no,1,το frame δειχνει δυο κυριες και εναν κυριο στο δωματιο
nosferatu_000362,nosferatu_000362.jpg,dark_figures,,unknown_ambiguous,low,yes,1,το frame δειχνει μια κοπελα να προσευχεται στο δωματιο που δημητηριασαν την κοπελα
nosferatu_000364,nosferatu_000364.jpg,dark_figures,,unknown_ambiguous,low,no,1,το frame δειχνει μια κυρια στο δωματιο
nosferatu_000365,nosferatu_000365.jpg,dark_figures,,unknown_ambiguous,low,yes,1,το frame δειχνει μια κοπελα που συνεχιζει να προσευχεται στο δωματιο που δημητηριασαν την κοπελα
nosferatu_000367,nosferatu_000367.jpg,torture_scene,,body_vulnerability,high,yes,1,το frame δειχνει μια κοπελα να την εχουν κρεμασει απο το ταβανι απο τα χερια της και τρεις αντρες να συζητουν
nosferatu_000368,nosferatu_000368.jpg,dark_figures,,unknown_ambiguous,low,no,1,το frame δειχνει μια κυρια στο δωματιο να βλεπει ενα μωρο
nosferatu_000370,nosferatu_000370.jpg,dark_figures,,unknown_ambiguous,low,no,1,το frame δειχνει εναν κυριο να καθεται παραθυρο
nosferatu_000371,nosferatu_000371.jpg,dark_figures,,unknown_ambiguous,low,no,1,το frame δειχνει δυο κυριους
nosferatu_000372,nosferatu_000372.jpg,dark_figures,,unknown_ambiguous,low,no,1,το frame δειχνει δυο κυριους να συζητουν
nosferatu_000375,nosferatu_000375.jpg,satanic_symbols,,occult_symbolism,medium,yes,no,το frame δειχνει εναν αντρα να εξορκιζει
nosferatu_000376,nosferatu_000376.jpg,dark_figures,,unknown_ambiguous,low,no,1,το frame δειχνει εναν κυριο σκεπτομενο
nosferatu_000381,nosferatu_000381.jpg,dark_figures,,unknown_ambiguous,low,no,1,το frame δειχνει εναν κυριο να τσεκαρει εναν αλλον που ειναι σαν λιποθυμος σε μια καρεκλα
nosferatu_000384,nosferatu_000384.jpg,frightened_faces,,unknown_ambiguous,low,yes,1,το frame δειχνει μια κυρια να κλαιει
nosferatu_000387,nosferatu_000387.jpg,dark_figures,,unknown_ambiguous,low,no,1,το frame δειχνει δυο κυριους
nosferatu_000391,nosferatu_000391.jpg,dark_figures,,unknown_ambiguous,low,no,1,το frame δειχνει δυο κυριους εναν σκεπτομενο και ο αλλος κατι του λεει
nosferatu_000394,nosferatu_000394.jpg,dark_figures,,unknown_ambiguous,low,no,1,το frame δειχνει 3 αντρες οπου ενας ειναι καπως αγχωμενος απο αυτα που του λεει ο αλλος
nosferatu_000397,nosferatu_000397.jpg,dark_figures,,unknown_ambiguous,low,no,1,το frame δειχνει εναν κυριο με μια κυρια
nosferatu_000399,nosferatu_000399.jpg,dark_figures,,unknown_ambiguous,low,no,1,το frame δειχνει δυο κυριους να συζητουν σε εξωτερικο χωρο
nosferatu_000401,nosferatu_000401.jpg,frightened_faces,,unknown_ambiguous,low,yes,1,το frame δειχνει εναν κυριο καπως τρομαγμενο να κοιταει εξω απο το παραθυρο του
nosferatu_000403,nosferatu_000403.jpg,dark_figures,,unknown_ambiguous,low,no,1,το frame δειχνει εναν κυριο που προσπαθει να βρει τα κλειδια του κατι τετοιο
nosferatu_000406,nosferatu_000406.jpg,torture_scene,,body_vulnerability,medium,yes,1,το frame δειχνει εναν κυριο να κοιταει μια κυρια που την εχουν παγιδευσει και φαινεται να κοιμαται αυτη
nosferatu_000408,nosferatu_000408.jpg,torture_scene,,body_vulnerability,medium,no,1,το frame δειχνει τον κυριο να την πλησιαζει
nosferatu_000409,nosferatu_000409.jpg,dark_figures,,unknown_ambiguous,low,yes,1,το frame δειχνει τον κυριο να την ελευθερωνει
nosferatu_000410,nosferatu_000410.jpg,dark_figures,,unknown_ambiguous,low,no,1,το frame δειχνει τον κυριο να την σηκωνει σαν να θελει να την βοηθησει
nosferatu_000411,nosferatu_000411.jpg,dark_figures,,unknown_ambiguous,low,no,1,το frame δειχνει τον κυριο να της δινει νερο
nosferatu_000412,nosferatu_000412.jpg,dark_figures,,unknown_ambiguous,low,no,1,το frame δειχνει δυο κυριους στον εξωτερικο χωρο οπου ο ενας σαν να αγχωθηκε
nosferatu_000414,nosferatu_000414.jpg,dark_figures,,unknown_ambiguous,low,no,1,το frame δειχνει την κοπελα να συνεχιζει να πινει νερο μονης της
nosferatu_000415,nosferatu_000415.jpg,dark_figures,,unknown_ambiguous,low,no,1,το frame δειχνει κοπελα καπως ανακουφισμενη απο το νερο που ηπιε
nosferatu_000416,nosferatu_000416.jpg,dark_figures,,unknown_ambiguous,low,no,1,το frame δειχνει τον κυριο που την εσωσε να προσπαθει να της δειξει τον δρομο προς την εξοδο
nosferatu_000418,nosferatu_000418.jpg,dark_figures,,unknown_ambiguous,low,no,1,το frame δειχνει τον κυριο να προσπαθει να την βγαλει εξω γιατι η κοπελα ειναι εξουθενωμενη
nosferatu_000430,nosferatu_000430.jpg,dark_figures,,unknown_ambiguous,low,no,1,το frame δειχνει τον κυριο να συνεχιζει να ειναι διπλα της για να την σωσει
nosferatu_000431,nosferatu_000431.jpg,dark_figures,,unknown_ambiguous,low,no,1,το frame δειχνει την κοπελα να ειναι στεναχωρημενη/αγχωμενη
nosferatu_000432,nosferatu_000432.jpg,frightened_faces,,unknown_ambiguous,high,yes,1,το frame δειχνει τον κυριο καπως φοβισμενο/αγχωμενο
nosferatu_000435,nosferatu_000435.jpg,dark_figures,,unknown_ambiguous,low,no,1,το frame δειχνει τους κυριους που ηταν στον εξωτερικο χωρο να μπηκαν μεσα σαν να καταλαβαν οτι προσπαθουν να σωσουν την κοπελα που ειχαν φυλακισει
nosferatu_000438,nosferatu_000438.jpg,dark_figures,,unknown_ambiguous,low,no,1,το frame δειχνει τον εναν κυριο να βλεπει εξω απο το παραθυρο
nosferatu_000439,nosferatu_000439.jpg,dark_figures,,unknown_ambiguous,low,no,1,το frame δειχνει δυο αντρες που εσωσαν ενα μωρο
nosferatu_000440,nosferatu_000440.jpg,frightened_faces,,unknown_ambiguous,high,yes,1,το frame δειχνει την κοπελα που προσπαθουν να σωσουν να ειναι φοβισμενη
nosferatu_000446,nosferatu_000446.jpg,dark_figures,,unknown_ambiguous,low,no,1,το frame δειχνει την κοπελα να πλενει τα χερια της
nosferatu_000453,nosferatu_000453.jpg,dark_figures,,unknown_ambiguous,low,no,1,το frame δειχνει πολλους αντρες στον εξωτερικο χωρο σαν να ειναι οι φυλακες
nosferatu_000457,nosferatu_000457.jpg,demon_figures,,supernatural_threat,medium,no,1,το frame δειχνει εναν χωρο με δυο οντοτητες
nosferatu_000458,nosferatu_000458.jpg,demon_figures,,supernatural_threat,medium,no,1,το frame δειχνει στον χωρο να εισηλθε και μια τριτη οντοτητα
nosferatu_000463,nosferatu_000463.jpg,dark_figures,,unknown_ambiguous,low,no,1,το frame δειχνει δυο ανθρωπους
nosferatu_000464,nosferatu_000464.jpg,dark_figures,,unknown_ambiguous,low,no,1,το frame δειχνει δυο γυναικες να κουβαλανε κατι
nosferatu_000465,nosferatu_000465.jpg,dark_figures,,unknown_ambiguous,low,no,1,το frame δειχνει τις δυο γυναικες να κοιτανε ενα αντικειμενο που κραταει η μια
nosferatu_000466,nosferatu_000466.jpg,dark_figures,,unknown_ambiguous,low,no,1,το frame δειχνει τις δυο γυναικες να κοιτανε απο ενα αντικειμενο η καθεμια
nosferatu_000469,nosferatu_000469.jpg,satanic_symbols,,occult_symbolism,medium,no,1,το frame δειχνει κατι αντικειμενα περιεργα οπου χρησιμοποιουνται για βασανισμους
nosferatu_000470,nosferatu_000470.jpg,satanic_symbols,,occult_symbolism,medium,no,1,το frame δειχνει ενα απο αυτα τα αντικειμενα
nosferatu_000472,nosferatu_000472.jpg,torture_scene,,body_vulnerability,high,no,1,το frame δειχνει ενα ποδι παγιδευμενο οπου ειναι ετοιμοι να το κοψουν
nosferatu_000473,nosferatu_000473.jpg,torture_scene,,body_vulnerability,high,no,1,το frame δειχνει ενα χερι παγιδευμενο οπου ειναι ετοιμοι να το χτυπησουν με ενα σφυρι
nosferatu_000474,nosferatu_000474.jpg,torture_scene,,body_vulnerability,high,no,1,το frame δειχνει εναν ανθρωπο παγιδευμενο σε μια καρεκλα με τα ποδια του κλειδωμενα
nosferatu_000475,nosferatu_000475.jpg,torture_scene,,body_vulnerability,high,no,1,το frame δειχνει ξαπλωμενα ποδια παγιδευμενα
nosferatu_000476,nosferatu_000476.jpg,torture_scene,,body_vulnerability,high,no,1,το frame δειχνει εναν αντρα ξαπλωμενο παγιδευμενο με τα χερια του κλειδωμενα
nosferatu_000479,nosferatu_000479.jpg,satanic_symbols,,occult_symbolism,medium,no,1,το frame δειχνει ενα αντικειμενο που χρησιμοποιουνε για βασανισμους
nosferatu_000487,nosferatu_000487.jpg,satanic_symbols,,occult_symbolism,medium,no,1,το frame δειχνει ενα αντικειμενο που χρησιμοποιουνε για βασανισμους
nosferatu_000491,nosferatu_000491.jpg,frightened_faces,,unknown_ambiguous,medium,yes,1,το frame δειχνει μια κοπελα καπως στεναχωρημενη
nosferatu_000493,nosferatu_000493.jpg,satanic_symbols,,occult_symbolism,medium,no,1,το frame δειχνει μερικα αντικειμενα για βασανισμους
nosferatu_000494,nosferatu_000494.jpg,frightened_faces,,unknown_ambiguous,medium,yes,1,το frame δειχνει να τρεχουν δακρυα απο τα ματια της κοπελας
nosferatu_000496,nosferatu_000496.jpg,dark_figures,,unknown_ambiguous,low,no,1,το frame δειχνει πολλους ανθρωπους σε εναν χωρο
nosferatu_000498,nosferatu_000498.jpg,dark_figures,,unknown_ambiguous,low,no,1,το frame δειχνει μια εικονα ενος αγιου
nosferatu_000499,nosferatu_000499.jpg,frightened_faces,,unknown_ambiguous,medium,yes,1,το frame δειχνει μια κοπελα καπως αγχωμενη/σοκαρισμενη/φοβισμενη
nosferatu_000500,nosferatu_000500.jpg,frightened_faces,,unknown_ambiguous,high,yes,1,το frame δειχνει την κοπελα φοβισμενη να κραταει ενα μαχαιρι
nosferatu_000501,nosferatu_000501.jpg,frightened_faces,demon_figures,supernatural_threat,high,no,2,Frame δείχνει δαίμονα να κυνηγάει καλόγρια 
nosferatu_000504,nosferatu_000504.jpg,demon_figures,dark_figures,supernatural_threat,high,no,2,Frame δείχνει δαίμονα να κοιτάει χαρακτήρα 
nosferatu_000505,nosferatu_000505.jpg,frightened_faces,dark_figures,supernatural_threat,high,yes,2,Frame δείχνει καλόγρια να κρατάει μαχαίρι τρομαγμενη
nosferatu_000506,nosferatu_000506.jpg,dark_figures,,occult_symbolism,high,yes,2,Frame δείχνει την ίδια καλόγρια απο μακριά
nosferatu_000507,nosferatu_000507.jpg,frightened_faces,,unknown_ambiguous,high,no,2,Frame δείχνει φοβισμένη καλόγρια
nosferatu_000508,nosferatu_000508.jpg,frightened_faces,,unknown_ambiguous,high,no,2,Frame δείχνει φοβισμένη καλόγρια να τοποθετεί κάτι
nosferatu_000510,nosferatu_000510.jpg,dark_figures,,unknown_ambiguous,low,no,2,Frame καλόγριες μπαίνουν στον χώρο 
nosferatu_000511,nosferatu_000511.jpg,dark_figures,frightened_faces,unknown_ambiguous,medium,no,2,Frame καλόγριες κοιτούν φωβισμένες
nosferatu_000514,nosferatu_000514.jpg,dark_figures,,unknown_ambiguous,low,yes,2,Frame Καλόγρια κοιτάει στεναχωρημένη
nosferatu_000515,nosferatu_000515.jpg,dark_figures,,unknown_ambiguous,low,yes,2,Frame δείχνει καλόγρια να περπατάει ενώ κοιτάνε οι υπόλοιπες
nosferatu_000516,nosferatu_000516.jpg,frightened_faces,,unknown_ambiguous,high,no,2,Frame δείχνει καλόγρια να κοιτάει τρομαγμένη
nosferatu_000517,nosferatu_000517.jpg,dark_figures,,ritual_or_curse,medium,no,2,Frame δείχει καλόγριες ξαφνικά να κάνουν τελετή
nosferatu_000518,nosferatu_000518.jpg,dark_figures,frightened_faces,body_vulnerability,medium,no,2,Frame δείχνει καλόγριες να πέφτουν στο πάτωμα
nosferatu_000519,nosferatu_000519.jpg,frightened_faces,,supernatural_threat,high,no,2,Frame δείχνει καλόγριες σε υστερία
nosferatu_000520,nosferatu_000520.jpg,dark_figures,frightened_faces,unknown_ambiguous,medium,no,2,Frame δείχνει καλόγριες να τρέχουν απο το σημείο
nosferatu_000521,nosferatu_000521.jpg,dark_figures,,unknown_ambiguous,low,yes,2,Frame δείχνει καλόγριες να έχουν φύγει
nosferatu_000523,nosferatu_000523.jpg,dark_figures,,occult_symbolism,medium,no,2,Frame δείχνει χαρακτήρα να κοιτάει χριστιανικά σύμβολα
nosferatu_000525,nosferatu_000525.jpg,dark_figures,,occult_symbolism,high,no,2,Frame που χαρακτήρας ακουμπάει τα συμβολάκια
nosferatu_000526,nosferatu_000526.jpg,dark_figures,frightened_faces,unknown_ambiguous,high,no,2,Frame που δείχνει χαρακτήρα να κλέβει αγαλματάκι
nosferatu_000527,nosferatu_000527.jpg,dark_figures,,unknown_ambiguous,low,no,2,Frame δείχνει χαρακτήρες να συζητούν
nosferatu_000529,nosferatu_000529.jpg,frightened_faces,,unknown_ambiguous,high,no,2,Frame δείχνει γυναίκα να κοιτάει πολύ φοβισμένα
nosferatu_000533,nosferatu_000533.jpg,dark_figures,,unknown_ambiguous,low,no,2,Frame δείχνει λίγο κάποια πρόσωπα
nosferatu_000534,nosferatu_000534.jpg,dark_figures,,unknown_ambiguous,medium,no,2,Frame δείχνει χαρακτήρες να δυπνίζουν
nosferatu_000536,nosferatu_000536.jpg,frightened_faces,,unknown_ambiguous,low,no,2,Frame δείχνει πρόσωπο γριάς
nosferatu_000541,nosferatu_000541.jpg,satanic_symbols,,occult_symbolism,low,no,2,Frame δείχνει χαρακτήρα να κρατάει ένα βιβλιαράκι
nosferatu_000547,nosferatu_000547.jpg,dark_figures,,unknown_ambiguous,low,no,2,Frame δείχνει γυναίκα 
nosferatu_000549,nosferatu_000549.jpg,frightened_faces,,unknown_ambiguous,low,no,2,Frame δείχνει γυναίκα να κλαίει
nosferatu_000550,nosferatu_000550.jpg,dark_figures,,unknown_ambiguous,low,yes,2,Frame δείχνει γυnαίκα
nosferatu_000555,nosferatu_000555.jpg,frightened_faces,,unknown_ambiguous,medium,no,2,Frame δείχνει γυναίκα τρομαγμένη στο κρεβάτι της
nosferatu_000556,nosferatu_000556.jpg,frightened_faces,,unknown_ambiguous,low,yes,2,Frame δείχνει γυναίκα τρομαγμένη απο πρίν
nosferatu_000558,nosferatu_000558.jpg,dark_figures,,unknown_ambiguous,low,no,2,Frame δείχνει την ίδια γυναίκα όρθια
nosferatu_000559,nosferatu_000559.jpg,dark_figures,,unknown_ambiguous,low,no,2,Frame δείχνει την ίδια γυναίκα όρθια
nosferatu_000561,nosferatu_000561.jpg,frightened_faces,,unknown_ambiguous,high,no,2,Frame δείχνει καλόγρια να κοιτάει λίγο τρομαγμένη
nosferatu_000565,nosferatu_000565.jpg,demon_figures,,unknown_ambiguous,high,no,2,Frame δείχνει δαιμονική φιγούρα
nosferatu_000566,nosferatu_000566.jpg,dark_figures,,supernatural_threat,low,yes,2,Frame δείχνει ένα χαρακτήρα να κοιμάται και κάποιον που τον παρακολουθούσε
nosferatu_000568,nosferatu_000568.jpg,frightened_faces,,unknown_ambiguous,medium,no,2,Frame δείχνει ίδια γυnαίκα τρομαγμένη
nosferatu_000570,nosferatu_000570.jpg,dark_figures,,supernatural_threat,high,no,2,Frame δείχνει σκωτεινό μέρος όπου υπάρχει κάτι στο σκωτάδι
nosferatu_000571,nosferatu_000571.jpg,frightened_faces,,unknown_ambiguous,low,yes,2,Frame δείχνει απλά πρόσωπο ανθρώπου
nosferatu_000572,nosferatu_000572.jpg,frightened_faces,dark_figures,unknown_ambiguous,medium,no,2,Frame δείχνει να συζητούν με την φοβισμένη γυναίκα
nosferatu_000573,nosferatu_000573.jpg,dark_figures,,unknown_ambiguous,low,no,2,Frame δείχνει χαρακτήρα να σηκώνεται απο το κρεβάτι του
nosferatu_000574,nosferatu_000574.jpg,dark_figures,,body_vulnerability,low,no,2,Frame δείχνει τους τον μόλις σηκωμένο χαρακτήρα να κοιτάει το εξουθενωμένο σώμα του χαρακτήρα
nosferatu_000576,nosferatu_000576.jpg,dark_figures,,unknown_ambiguous,low,yes,2,Frame δείχνει τους χαρακτήρες να επικοινωνούν
nosferatu_000577,nosferatu_000577.jpg,dark_figures,,unknown_ambiguous,low,no,2,Frame δείχνει περίεργο χαρακτήρα ακουμπάει το σώμα του θύματος
nosferatu_000579,nosferatu_000579.jpg,satanic_symbols,,occult_symbolism,high,no,2,Frame δείχνει σώμα ανθρώπου και σύμβολα και αντικείμενα σατανικά
nosferatu_000581,nosferatu_000581.jpg,dark_figures,,ritual_or_curse,high,no,2,Frame δείχνει απαγωγή χαρακτήρα απο κουκουλοφώρο πρόσωπο
nosferatu_000582,nosferatu_000582.jpg,dark_figures,,ritual_or_curse,medium,no,2,Frame δείχνει κύριο χαρακτήρα να μιλαει με το θύμα απαγωγής
nosferatu_000585,nosferatu_000585.jpg,dark_figures,,unknown_ambiguous,low,no,2,Frame δείχνει ιατρό να εμβολιάζει γυναίκα
nosferatu_000586,nosferatu_000586.jpg,dark_figures,,unknown_ambiguous,low,no,2,Frame δείχνει ιατρό να εμβολιάζει γυναίκα
nosferatu_000587,nosferatu_000587.jpg,dark_figures,,unknown_ambiguous,low,no,2,Frame δείχνει ιατρό να εμβολιάζει γυναίκα
nosferatu_000591,nosferatu_000591.jpg,dark_figures,,unknown_ambiguous,low,no,2,Frame δείχνει ιατρό να μιλάει στη γυναίκα
nosferatu_000593,nosferatu_000593.jpg,frightened_faces,,unknown_ambiguous,medium,no,2,Frame δείχνει σχετικα φοβισμένο πρόσωπο της γυναίκας
nosferatu_000595,nosferatu_000595.jpg,frightened_faces,,unknown_ambiguous,medium,no,2,Frame δείχνει σχετικα φοβισμένο πρόσωπο της γυναίκας
nosferatu_000597,nosferatu_000597.jpg,dark_figures,,unknown_ambiguous,low,no,2,Frame δείχνει πολιτή να μιλάει με την γυναίκα
nosferatu_000599,nosferatu_000599.jpg,dark_figures,,unknown_ambiguous,low,no,2,Frame δείχενι γυναίκα 
nosferatu_000600,nosferatu_000600.jpg,dark_figures,,unknown_ambiguous,medium,no,2,Frame δείχνει πολιτή να προσπαθεί να πουλήσει κάτι στη γυναίκα
nosferatu_000601,nosferatu_000601.jpg,dark_figures,,unknown_ambiguous,low,no,2,Frame δείχνει πολιτή να μιλάει με την γυναίκα
nosferatu_000602,nosferatu_000602.jpg,frightened_faces,,unknown_ambiguous,low,no,2,Frame δείχνει αποφασιστικό πρόσωπο γυναίκας
nosferatu_000603,nosferatu_000603.jpg,dark_figures,,supernatural_threat,medium,no,2,Frame δείχνει χαρακτήρες να κοιτάνε προς ίδια κατευθυνση
nosferatu_000606,nosferatu_000606.jpg,dark_figures,,unknown_ambiguous,low,yes,2,Frame δείχνει τον ιατρό να μιλάει με την γυναίκα
nosferatu_000617,nosferatu_000617.jpg,frightened_faces,dark_figures,unknown_ambiguous,low,no,2,Frame δείχνει γυναίκα να κλαίει όσο της μιλάει ο ιατρός
nosferatu_000620,nosferatu_000620.jpg,satanic_symbols,,unknown_ambiguous,medium,no,2,Frame δείχνει εικόνα με περίεργα σύμβολα
nosferatu_000621,nosferatu_000621.jpg,satanic_symbols,,unknown_ambiguous,medium,no,2,Frame δείχνει εικόνα με περίεργα σύμβολα
nosferatu_000623,nosferatu_000623.jpg,satanic_symbols,,unknown_ambiguous,medium,no,2,Frame δείχνει εικόνα με περίεργα σύμβολα
nosferatu_000624,nosferatu_000624.jpg,frightened_faces,,unknown_ambiguous,high,no,2,Frame που δείχνει την Amelia Earhart
nosferatu_000625,nosferatu_000625.jpg,dark_figures,,unknown_ambiguous,high,no,2,Frame δείχνει γυnαίκα να επικοινωνεί με σκωτεινό χαρακτήρα
nosferatu_000627,nosferatu_000627.jpg,frightened_faces,,ritual_or_curse,high,no,2,Frame δείχνει γριές να κοιτούν μια γυάλινη σφαίρα, περιμένοντας ότι θα δούν κάτι απο μέσα της
nosferatu_000628,nosferatu_000628.jpg,frightened_faces,,body_vulnerability,high,no,2,Frame δείχνει ετοιμοθάνατη γριά 
nosferatu_000629,nosferatu_000629.jpg,frightened_faces,,unknown_ambiguous,high,no,2,Frame δείχνει πρόσωπο γυnαίκας να κλαίει
nosferatu_000632,nosferatu_000632.jpg,dark_figures,,unknown_ambiguous,low,no,2,Frame δείχνει χαρακτήρες να χαμογελάνε
nosferatu_000634,nosferatu_000634.jpg,torture_scene,dark_figures,ritual_or_curse,high,no,2,Frame δείχνει θυσία ανρθώπων που τους καίνε