raw_frame_id,raw_filename,frame_number,timestamp,extraction_rate,brightness,contrast,blur_edge_score,perceptual_hash,duplicate_distance,duplicate_of,script_suggestion,script_reason,final_decision,final_reason,final_curated_image_id,final_curated_filename,reviewer,comment
nosferatu_raw_000005,raw_frames/nosferatu_raw_000005.jpg,5,00:00:40,1 frame / 10 sec,18.663,28.068,2.503,0038383c38381000,47,,remove,blurred,kept,,nosferatu_000005,nosferatu_000005.jpg,,
nosferatu_raw_000013,raw_frames/nosferatu_raw_000013.jpg,13,00:02:00,1 frame / 10 sec,89.5,38.31,15.528,ffff3838383a393b,39,,review,usable_candidate,kept,,nosferatu_000013,nosferatu_000013.jpg,,
nosferatu_raw_000023,raw_frames/nosferatu_raw_000023.jpg,23,00:03:40,1 frame / 10 sec,22.955,23.223,4.479,003fff7f00000000,0,nosferatu_raw_000022,remove,near_duplicate,kept,,nosferatu_000023,nosferatu_000023.jpg,,
nosferatu_raw_000044,raw_frames/nosferatu_raw_000044.jpg,44,00:07:10,1 frame / 10 sec,70.924,34.348,30.943,0d6fb7fe38060020,22,,review,usable_candidate,kept,,nosferatu_000044,nosferatu_000044.jpg,,
nosferatu_raw_000048,raw_frames/nosferatu_raw_000048.jpg,48,00:07:50,1 frame / 10 sec,45.894,14.423,2.587,181e3fbfbe3c2624,20,,remove,blurred,kept,,nosferatu_000048,nosferatu_000048.jpg,,
nosferatu_raw_000054,raw_frames/nosferatu_raw_000054.jpg,54,00:08:50,1 frame / 10 sec,75.536,36.555,37.545,7f3f3e1c0e085e58,29,,review,usable_candidate,kept,,nosferatu_000054,nosferatu_000054.jpg,,
nosferatu_raw_000056,raw_frames/nosferatu_raw_000056.jpg,56,00:09:10,1 frame / 10 sec,79.024,33.32,32.543,7338fce4c4cd8000,25,,review,usable_candidate,kept,,nosferatu_000056,nosferatu_000056.jpg,,
nosferatu_raw_000059,raw_frames/nosferatu_raw_000059.jpg,59,00:09:40,1 frame / 10 sec,91.822,27.658,22.055,cfcf3b1c1860256f,29,,review,usable_candidate,kept,,nosferatu_000059,nosferatu_000059.jpg,,
nosferatu_raw_000064,raw_frames/nosferatu_raw_000064.jpg,64,00:10:30,1 frame / 10 sec,50.42,39.49,36.215,7e7e7e5e7e7c6040,0,nosferatu_raw_000063,remove,near_duplicate,kept,,nosferatu_000064,nosferatu_000064.jpg,,
nosferatu_raw_000076,raw_frames/nosferatu_raw_000076.jpg,76,00:12:30,1 frame / 10 sec,64.589,34.971,32.233,7e7e7e7a7e6e2a02,24,,review,usable_candidate,kept,,nosferatu_000076,nosferatu_000076.jpg,,
nosferatu_raw_000078,raw_frames/nosferatu_raw_000078.jpg,78,00:12:50,1 frame / 10 sec,64.766,39.742,33.735,7e7e7c7e7a5c6470,26,,review,usable_candidate,kept,,nosferatu_000078,nosferatu_000078.jpg,,
nosferatu_raw_000081,raw_frames/nosferatu_raw_000081.jpg,81,00:13:20,1 frame / 10 sec,62.407,29.629,27.349,3e7bffbc5c7c1400,19,,review,usable_candidate,kept,,nosferatu_000081,nosferatu_000081.jpg,,
nosferatu_raw_000083,raw_frames/nosferatu_raw_000083.jpg,83,00:13:40,1 frame / 10 sec,64.018,27.23,26.529,3fdedfff760c0200,5,nosferatu_raw_000082,remove,near_duplicate,kept,,nosferatu_000083,nosferatu_000083.jpg,,
nosferatu_raw_000085,raw_frames/nosferatu_raw_000085.jpg,85,00:14:00,1 frame / 10 sec,18.282,21.287,5.717,70f8f070f2900800,23,,review,usable_candidate,kept,,nosferatu_000085,nosferatu_000085.jpg,,
nosferatu_raw_000088,raw_frames/nosferatu_raw_000088.jpg,88,00:14:30,1 frame / 10 sec,16.784,19.963,5.798,70f8f870f2f00800,25,,remove,black_frame,kept,,nosferatu_000088,nosferatu_000088.jpg,,
nosferatu_raw_000089,raw_frames/nosferatu_raw_000089.jpg,89,00:14:40,1 frame / 10 sec,16.921,19.68,5.197,20fa7af2d0b00000,11,,remove,black_frame,kept,,nosferatu_000089,nosferatu_000089.jpg,,
nosferatu_raw_000093,raw_frames/nosferatu_raw_000093.jpg,93,00:15:20,1 frame / 10 sec,20.749,23.591,4.261,041cbc7860781020,21,,review,usable_candidate,kept,,nosferatu_000093,nosferatu_000093.jpg,,
nosferatu_raw_000094,raw_frames/nosferatu_raw_000094.jpg,94,00:15:30,1 frame / 10 sec,16.765,20.359,4.752,70707078db480400,23,,remove,black_frame,kept,,nosferatu_000094,nosferatu_000094.jpg,,
nosferatu_raw_000095,raw_frames/nosferatu_raw_000095.jpg,95,00:15:40,1 frame / 10 sec,15.119,15.541,2.992,081c347070607000,22,,remove,black_frame,kept,,nosferatu_000095,nosferatu_000095.jpg,,
nosferatu_raw_000096,raw_frames/nosferatu_raw_000096.jpg,96,00:15:50,1 frame / 10 sec,15.853,15.75,3.33,08183c323c383400,12,,remove,black_frame,kept,,nosferatu_000096,nosferatu_000096.jpg,,
nosferatu_raw_000101,raw_frames/nosferatu_raw_000101.jpg,101,00:16:40,1 frame / 10 sec,20.45,20.642,4.832,0830703cbe3e0200,20,,review,usable_candidate,kept,,nosferatu_000101,nosferatu_000101.jpg,,
nosferatu_raw_000102,raw_frames/nosferatu_raw_000102.jpg,102,00:16:50,1 frame / 10 sec,16.894,20.955,4.97,6060f2f2d6f20000,20,,remove,black_frame,kept,,nosferatu_000102,nosferatu_000102.jpg,,
nosferatu_raw_000104,raw_frames/nosferatu_raw_000104.jpg,104,00:17:10,1 frame / 10 sec,16.384,12.562,3.708,72e6e2e2d2c0081e,24,,remove,black_frame,kept,,nosferatu_000104,nosferatu_000104.jpg,,
nosferatu_raw_000110,raw_frames/nosferatu_raw_000110.jpg,110,00:18:10,1 frame / 10 sec,15.504,19.0,4.738,2068f8f8ca700000,9,,remove,black_frame,kept,,nosferatu_000110,nosferatu_000110.jpg,,
nosferatu_raw_000112,raw_frames/nosferatu_raw_000112.jpg,112,00:18:30,1 frame / 10 sec,31.706,31.943,8.786,044c7e3e3e7af800,16,,review,usable_candidate,kept,,nosferatu_000112,nosferatu_000112.jpg,,
nosferatu_raw_000113,raw_frames/nosferatu_raw_000113.jpg,113,00:18:40,1 frame / 10 sec,21.927,27.766,3.243,00181c1c1e383c04,16,,remove,blurred,kept,,nosferatu_000113,nosferatu_000113.jpg,,
nosferatu_raw_000114,raw_frames/nosferatu_raw_000114.jpg,114,00:18:50,1 frame / 10 sec,34.06,34.348,8.32,606c2e2630211878,27,,review,usable_candidate,kept,,nosferatu_000114,nosferatu_000114.jpg,,
nosferatu_raw_000115,raw_frames/nosferatu_raw_000115.jpg,115,00:19:00,1 frame / 10 sec,33.745,33.145,8.565,606c6e2e30211878,2,nosferatu_raw_000114,remove,near_duplicate,kept,,nosferatu_000115,nosferatu_000115.jpg,,
nosferatu_raw_000117,raw_frames/nosferatu_raw_000117.jpg,117,00:19:20,1 frame / 10 sec,17.878,23.14,4.59,206cccece4700000,11,,remove,black_frame,kept,,nosferatu_000117,nosferatu_000117.jpg,,
nosferatu_raw_000119,raw_frames/nosferatu_raw_000119.jpg,119,00:19:40,1 frame / 10 sec,26.57,33.456,4.496,38383c1c1c180004,13,,review,usable_candidate,kept,,nosferatu_000119,nosferatu_000119.jpg,,
nosferatu_raw_000121,raw_frames/nosferatu_raw_000121.jpg,121,00:20:00,1 frame / 10 sec,21.744,24.562,4.298,1018181c6c20361e,15,,review,usable_candidate,kept,,nosferatu_000121,nosferatu_000121.jpg,,
nosferatu_raw_000122,raw_frames/nosferatu_raw_000122.jpg,122,00:20:10,1 frame / 10 sec,23.672,26.855,4.723,1018181c6c20201e,3,nosferatu_raw_000121,remove,near_duplicate,kept,,nosferatu_000122,nosferatu_000122.jpg,,
nosferatu_raw_000123,raw_frames/nosferatu_raw_000123.jpg,123,00:20:20,1 frame / 10 sec,22.021,23.058,4.438,1818180c7c28261e,6,,review,usable_candidate,kept,,nosferatu_000123,nosferatu_000123.jpg,,
nosferatu_raw_000125,raw_frames/nosferatu_raw_000125.jpg,125,00:20:40,1 frame / 10 sec,35.535,24.442,16.869,003c484e7c7efe60,22,,review,usable_candidate,kept,,nosferatu_000125,nosferatu_000125.jpg,,
nosferatu_raw_000126,raw_frames/nosferatu_raw_000126.jpg,126,00:20:50,1 frame / 10 sec,28.984,24.85,11.37,087a7c63d3dad840,24,,review,usable_candidate,kept,,nosferatu_000126,nosferatu_000126.jpg,,
nosferatu_raw_000127,raw_frames/nosferatu_raw_000127.jpg,127,00:21:00,1 frame / 10 sec,22.152,19.592,5.072,607c3e9491133000,25,,review,usable_candidate,kept,,nosferatu_000127,nosferatu_000127.jpg,,
nosferatu_raw_000129,raw_frames/nosferatu_raw_000129.jpg,129,00:21:20,1 frame / 10 sec,19.715,25.369,5.524,007c6cecf4640000,15,,review,usable_candidate,kept,,nosferatu_000129,nosferatu_000129.jpg,,
nosferatu_raw_000133,raw_frames/nosferatu_raw_000133.jpg,133,00:22:00,1 frame / 10 sec,22.066,20.106,7.054,83a3a3230303e0e0,33,,review,usable_candidate,kept,,nosferatu_000133,nosferatu_000133.jpg,,
nosferatu_raw_000137,raw_frames/nosferatu_raw_000137.jpg,137,00:22:40,1 frame / 10 sec,11.63,12.831,2.09,06363e3c5c404000,15,,remove,black_frame,kept,,nosferatu_000137,nosferatu_000137.jpg,,
nosferatu_raw_000143,raw_frames/nosferatu_raw_000143.jpg,143,00:23:40,1 frame / 10 sec,10.132,13.573,2.831,000078786870f4e0,33,,remove,black_frame,kept,,nosferatu_000143,nosferatu_000143.jpg,,
nosferatu_raw_000148,raw_frames/nosferatu_raw_000148.jpg,148,00:24:30,1 frame / 10 sec,11.148,13.445,2.844,00682048686074f0,36,,remove,black_frame,kept,,nosferatu_000148,nosferatu_000148.jpg,,
nosferatu_raw_000151,raw_frames/nosferatu_raw_000151.jpg,151,00:25:00,1 frame / 10 sec,19.308,20.367,6.452,83a3a3a28202e2e0,7,,review,usable_candidate,kept,,nosferatu_000151,nosferatu_000151.jpg,,
nosferatu_raw_000154,raw_frames/nosferatu_raw_000154.jpg,154,00:25:30,1 frame / 10 sec,15.659,16.202,4.047,5ede7e4040808090,14,,remove,black_frame,kept,,nosferatu_000154,nosferatu_000154.jpg,,
nosferatu_raw_000156,raw_frames/nosferatu_raw_000156.jpg,156,00:25:50,1 frame / 10 sec,16.612,19.021,4.256,9fb7f3d381808000,7,,remove,black_frame,kept,,nosferatu_000156,nosferatu_000156.jpg,,
nosferatu_raw_000159,raw_frames/nosferatu_raw_000159.jpg,159,00:26:20,1 frame / 10 sec,11.996,19.64,2.083,00000000083c3c70,36,,remove,black_frame,kept,,nosferatu_000159,nosferatu_000159.jpg,,
nosferatu_raw_000162,raw_frames/nosferatu_raw_000162.jpg,162,00:26:50,1 frame / 10 sec,17.785,24.168,2.215,3078fc1c08000000,18,,remove,black_frame,kept,,nosferatu_000162,nosferatu_000162.jpg,,
nosferatu_raw_000164,raw_frames/nosferatu_raw_000164.jpg,164,00:27:10,1 frame / 10 sec,32.307,38.506,10.508,00083c7efe3e0000,1,nosferatu_raw_000163,remove,near_duplicate,kept,,nosferatu_000164,nosferatu_000164.jpg,,
nosferatu_raw_000167,raw_frames/nosferatu_raw_000167.jpg,167,00:27:40,1 frame / 10 sec,12.473,15.58,4.07,30203032f4ffd200,13,,remove,black_frame,kept,,nosferatu_000167,nosferatu_000167.jpg,,
nosferatu_raw_000169,raw_frames/nosferatu_raw_000169.jpg,169,00:28:00,1 frame / 10 sec,14.351,17.769,2.199,0058587e7c6c0400,14,,remove,black_frame,kept,,nosferatu_000169,nosferatu_000169.jpg,,
nosferatu_raw_000173,raw_frames/nosferatu_raw_000173.jpg,173,00:28:40,1 frame / 10 sec,14.511,21.606,3.24,206062e464e40000,29,,remove,black_frame,kept,,nosferatu_000173,nosferatu_000173.jpg,,
nosferatu_raw_000175,raw_frames/nosferatu_raw_000175.jpg,175,00:29:00,1 frame / 10 sec,10.246,12.366,3.57,0040e0f8f600000c,17,,remove,black_frame,kept,,nosferatu_000175,nosferatu_000175.jpg,,
nosferatu_raw_000177,raw_frames/nosferatu_raw_000177.jpg,177,00:29:20,1 frame / 10 sec,26.019,30.654,3.148,001078f8f8e06000,13,,remove,blurred,kept,,nosferatu_000177,nosferatu_000177.jpg,,
nosferatu_raw_000178,raw_frames/nosferatu_raw_000178.jpg,178,00:29:30,1 frame / 10 sec,13.048,13.029,1.988,40c0f8f8f8e06000,5,nosferatu_raw_000177,remove,black_frame,kept,,nosferatu_000178,nosferatu_000178.jpg,,
nosferatu_raw_000179,raw_frames/nosferatu_raw_000179.jpg,179,00:29:40,1 frame / 10 sec,13.347,18.226,3.801,20746e6e6e400000,22,,remove,black_frame,kept,,nosferatu_000179,nosferatu_000179.jpg,,
nosferatu_raw_000180,raw_frames/nosferatu_raw_000180.jpg,180,00:29:50,1 frame / 10 sec,12.092,12.295,1.756,0000103c7c6e4600,23,,remove,black_frame,kept,,nosferatu_000180,nosferatu_000180.jpg,,
nosferatu_raw_000181,raw_frames/nosferatu_raw_000181.jpg,181,00:30:00,1 frame / 10 sec,15.982,15.739,3.314,187c3c7e38200000,21,,remove,black_frame,kept,,nosferatu_000181,nosferatu_000181.jpg,,
nosferatu_raw_000183,raw_frames/nosferatu_raw_000183.jpg,183,00:30:20,1 frame / 10 sec,17.812,15.866,2.945,06377b4aea501800,19,,remove,black_frame,kept,,nosferatu_000183,nosferatu_000183.jpg,,
nosferatu_raw_000185,raw_frames/nosferatu_raw_000185.jpg,185,00:30:40,1 frame / 10 sec,39.583,35.516,6.991,007064f07e3f1e00,31,,review,usable_candidate,kept,,nosferatu_000185,nosferatu_000185.jpg,,
nosferatu_raw_000186,raw_frames/nosferatu_raw_000186.jpg,186,00:30:50,1 frame / 10 sec,35.766,33.127,4.235,0c3e3cfcdcf03000,24,,review,usable_candidate,kept,,nosferatu_000186,nosferatu_000186.jpg,,
nosferatu_raw_000189,raw_frames/nosferatu_raw_000189.jpg,189,00:31:20,1 frame / 10 sec,43.931,29.858,9.888,e0e3e7e1d8003f31,31,,review,usable_candidate,kept,,nosferatu_000189,nosferatu_000189.jpg,,
nosferatu_raw_000192,raw_frames/nosferatu_raw_000192.jpg,192,00:31:50,1 frame / 10 sec,39.149,22.271,7.988,0c3e7efe7a7e7c00,41,,review,usable_candidate,kept,,nosferatu_000192,nosferatu_000192.jpg,,
nosferatu_raw_000195,raw_frames/nosferatu_raw_000195.jpg,195,00:32:20,1 frame / 10 sec,44.303,29.874,7.657,e0e7dbd78c081b31,35,,review,usable_candidate,kept,,nosferatu_000195,nosferatu_000195.jpg,,
nosferatu_raw_000196,raw_frames/nosferatu_raw_000196.jpg,196,00:32:30,1 frame / 10 sec,47.669,33.441,8.259,3c7c7c6c13180706,36,,review,usable_candidate,kept,,nosferatu_000196,nosferatu_000196.jpg,,
nosferatu_raw_000197,raw_frames/nosferatu_raw_000197.jpg,197,00:32:40,1 frame / 10 sec,35.002,30.775,8.142,00307e1e1c1e371c,23,,review,usable_candidate,kept,,nosferatu_000197,nosferatu_000197.jpg,,
nosferatu_raw_000199,raw_frames/nosferatu_raw_000199.jpg,199,00:33:00,1 frame / 10 sec,30.867,26.068,5.784,003e7e6f6d4e4840,19,,review,usable_candidate,kept,,nosferatu_000199,nosferatu_000199.jpg,,
nosferatu_raw_000203,raw_frames/nosferatu_raw_000203.jpg,203,00:33:40,1 frame / 10 sec,26.481,29.672,5.674,30383d3f0d1d0800,13,,review,usable_candidate,kept,,nosferatu_000203,nosferatu_000203.jpg,,
nosferatu_raw_000206,raw_frames/nosferatu_raw_000206.jpg,206,00:34:10,1 frame / 10 sec,22.123,23.317,6.047,127b7bc704003c00,5,nosferatu_raw_000205,remove,near_duplicate,kept,,nosferatu_000206,nosferatu_000206.jpg,,
nosferatu_raw_000210,raw_frames/nosferatu_raw_000210.jpg,210,00:34:50,1 frame / 10 sec,67.156,31.106,24.292,7b7f3400d0e86c3c,37,,review,usable_candidate,kept,,nosferatu_000210,nosferatu_000210.jpg,,
nosferatu_raw_000219,raw_frames/nosferatu_raw_000219.jpg,219,00:36:20,1 frame / 10 sec,38.642,34.172,7.372,001e3e7eff0e0800,13,,review,usable_candidate,kept,,nosferatu_000219,nosferatu_000219.jpg,,
nosferatu_raw_000220,raw_frames/nosferatu_raw_000220.jpg,220,00:36:30,1 frame / 10 sec,27.364,22.696,5.447,000e6f7f1a1e0038,15,,review,usable_candidate,kept,,nosferatu_000220,nosferatu_000220.jpg,,
nosferatu_raw_000222,raw_frames/nosferatu_raw_000222.jpg,222,00:36:50,1 frame / 10 sec,35.622,35.8,7.966,000a4e6fff3e0000,17,,review,usable_candidate,kept,,nosferatu_000222,nosferatu_000222.jpg,,
nosferatu_raw_000224,raw_frames/nosferatu_raw_000224.jpg,224,00:37:10,1 frame / 10 sec,28.503,25.54,2.905,0c1c0f1f3f3a1200,15,,remove,blurred,kept,,nosferatu_000224,nosferatu_000224.jpg,,
nosferatu_raw_000225,raw_frames/nosferatu_raw_000225.jpg,225,00:37:20,1 frame / 10 sec,42.645,33.405,7.014,2c3e1f4f0f03003c,18,,review,usable_candidate,kept,,nosferatu_000225,nosferatu_000225.jpg,,
nosferatu_raw_000227,raw_frames/nosferatu_raw_000227.jpg,227,00:37:40,1 frame / 10 sec,26.422,22.747,3.667,003a7d7c6c783800,21,,remove,blurred,kept,,nosferatu_000227,nosferatu_000227.jpg,,
nosferatu_raw_000229,raw_frames/nosferatu_raw_000229.jpg,229,00:38:00,1 frame / 10 sec,25.817,18.53,5.3,000677660e3e7818,20,,review,usable_candidate,kept,,nosferatu_000229,nosferatu_000229.jpg,,
nosferatu_raw_000232,raw_frames/nosferatu_raw_000232.jpg,232,00:38:30,1 frame / 10 sec,25.518,28.298,5.068,1818383c3c3c1800,22,,review,usable_candidate,kept,,nosferatu_000232,nosferatu_000232.jpg,,
nosferatu_raw_000234,raw_frames/nosferatu_raw_000234.jpg,234,00:38:50,1 frame / 10 sec,23.216,22.692,4.597,003838786c3c2c04,18,,review,usable_candidate,kept,,nosferatu_000234,nosferatu_000234.jpg,,
nosferatu_raw_000235,raw_frames/nosferatu_raw_000235.jpg,235,00:39:00,1 frame / 10 sec,23.811,18.001,5.64,00066f6f2b3e3c18,23,,review,usable_candidate,kept,,nosferatu_000235,nosferatu_000235.jpg,,
nosferatu_raw_000237,raw_frames/nosferatu_raw_000237.jpg,237,00:39:20,1 frame / 10 sec,23.916,22.537,5.287,00026f7f361e0c08,9,,review,usable_candidate,kept,,nosferatu_000237,nosferatu_000237.jpg,,
nosferatu_raw_000241,raw_frames/nosferatu_raw_000241.jpg,241,00:40:00,1 frame / 10 sec,25.578,25.092,4.395,000c2f3f1f0e0c0c,17,,review,usable_candidate,kept,,nosferatu_000241,nosferatu_000241.jpg,,
nosferatu_raw_000242,raw_frames/nosferatu_raw_000242.jpg,242,00:40:10,1 frame / 10 sec,29.041,25.613,5.916,000e6e6e3e3e0800,13,,review,usable_candidate,kept,,nosferatu_000242,nosferatu_000242.jpg,,
nosferatu_raw_000244,raw_frames/nosferatu_raw_000244.jpg,244,00:40:30,1 frame / 10 sec,32.8,27.921,6.494,000e2e7fff3f2c00,12,,review,usable_candidate,kept,,nosferatu_000244,nosferatu_000244.jpg,,
nosferatu_raw_000246,raw_frames/nosferatu_raw_000246.jpg,246,00:40:50,1 frame / 10 sec,30.665,28.037,2.097,001c3e2e3e7e2600,16,,remove,blurred,kept,,nosferatu_000246,nosferatu_000246.jpg,,
nosferatu_raw_000247,raw_frames/nosferatu_raw_000247.jpg,247,00:41:00,1 frame / 10 sec,40.91,34.557,5.387,003e3e1e1f1b0800,14,,review,usable_candidate,kept,,nosferatu_000247,nosferatu_000247.jpg,,
nosferatu_raw_000248,raw_frames/nosferatu_raw_000248.jpg,248,00:41:10,1 frame / 10 sec,53.548,44.273,3.528,003c7c7e3c3c1c00,14,,remove,blurred,kept,,nosferatu_000248,nosferatu_000248.jpg,,
nosferatu_raw_000250,raw_frames/nosferatu_raw_000250.jpg,250,00:41:30,1 frame / 10 sec,27.121,19.035,5.173,003e7f6f323e0c00,12,,review,usable_candidate,kept,,nosferatu_000250,nosferatu_000250.jpg,,
nosferatu_raw_000255,raw_frames/nosferatu_raw_000255.jpg,255,00:42:20,1 frame / 10 sec,41.29,33.898,7.343,147e7f7b020e0602,22,,review,usable_candidate,kept,,nosferatu_000255,nosferatu_000255.jpg,,
nosferatu_raw_000256,raw_frames/nosferatu_raw_000256.jpg,256,00:42:30,1 frame / 10 sec,48.865,41.668,4.866,001c3e3e7e7e3c00,23,,review,usable_candidate,kept,,nosferatu_000256,nosferatu_000256.jpg,,
nosferatu_raw_000257,raw_frames/nosferatu_raw_000257.jpg,257,00:42:40,1 frame / 10 sec,41.096,35.056,4.355,002c76767e747030,13,,review,usable_candidate,kept,,nosferatu_000257,nosferatu_000257.jpg,,
nosferatu_raw_000258,raw_frames/nosferatu_raw_000258.jpg,258,00:42:50,1 frame / 10 sec,39.802,32.188,5.762,003e3e1e00007878,20,,review,usable_candidate,kept,,nosferatu_000258,nosferatu_000258.jpg,,
nosferatu_raw_000259,raw_frames/nosferatu_raw_000259.jpg,259,00:43:00,1 frame / 10 sec,36.388,32.254,4.452,000c2623979e3838,22,,review,usable_candidate,kept,,nosferatu_000259,nosferatu_000259.jpg,,
nosferatu_raw_000260,raw_frames/nosferatu_raw_000260.jpg,260,00:43:10,1 frame / 10 sec,41.312,34.635,3.58,3a7e3c043c3e3818,23,,remove,blurred,kept,,nosferatu_000260,nosferatu_000260.jpg,,
nosferatu_raw_000262,raw_frames/nosferatu_raw_000262.jpg,262,00:43:30,1 frame / 10 sec,41.707,34.639,7.181,001cdefe763e1800,16,,review,usable_candidate,kept,,nosferatu_000262,nosferatu_000262.jpg,,
nosferatu_raw_000265,raw_frames/nosferatu_raw_000265.jpg,265,00:44:00,1 frame / 10 sec,23.027,16.041,4.496,002eef67137e0c00,3,nosferatu_raw_000264,remove,near_duplicate,kept,,nosferatu_000265,nosferatu_000265.jpg,,
nosferatu_raw_000267,raw_frames/nosferatu_raw_000267.jpg,267,00:44:20,1 frame / 10 sec,22.293,19.655,3.517,161e3f3f3b101000,16,,remove,blurred,kept,,nosferatu_000267,nosferatu_000267.jpg,,
nosferatu_raw_000270,raw_frames/nosferatu_raw_000270.jpg,270,00:44:50,1 frame / 10 sec,25.462,17.379,4.051,002e7e7e061e1c00,16,,review,usable_candidate,kept,,nosferatu_000270,nosferatu_000270.jpg,,
nosferatu_raw_000275,raw_frames/nosferatu_raw_000275.jpg,275,00:45:40,1 frame / 10 sec,37.389,32.596,6.387,18b2f3fbfe740800,21,,review,usable_candidate,kept,,nosferatu_000275,nosferatu_000275.jpg,,
nosferatu_raw_000277,raw_frames/nosferatu_raw_000277.jpg,277,00:46:00,1 frame / 10 sec,20.28,15.728,3.917,001c187e7e1c0400,13,,remove,blurred,kept,,nosferatu_000277,nosferatu_000277.jpg,,
nosferatu_raw_000278,raw_frames/nosferatu_raw_000278.jpg,278,00:46:10,1 frame / 10 sec,24.164,24.111,4.395,00107c7edfcc1800,14,,review,usable_candidate,kept,,nosferatu_000278,nosferatu_000278.jpg,,
nosferatu_raw_000282,raw_frames/nosferatu_raw_000282.jpg,282,00:46:50,1 frame / 10 sec,22.992,22.296,4.4,00307cfedf520000,14,,review,usable_candidate,kept,,nosferatu_000282,nosferatu_000282.jpg,,
nosferatu_raw_000286,raw_frames/nosferatu_raw_000286.jpg,286,00:47:30,1 frame / 10 sec,17.515,19.097,3.541,00081c1e3c1c0c00,14,,remove,black_frame,kept,,nosferatu_000286,nosferatu_000286.jpg,,
nosferatu_raw_000290,raw_frames/nosferatu_raw_000290.jpg,290,00:48:10,1 frame / 10 sec,27.944,30.859,5.123,1c3e3e3e1a100000,14,,review,usable_candidate,kept,,nosferatu_000290,nosferatu_000290.jpg,,
nosferatu_raw_000291,raw_frames/nosferatu_raw_000291.jpg,291,00:48:20,1 frame / 10 sec,38.034,31.175,5.196,103e7e3e3e3f0200,11,,review,usable_candidate,kept,,nosferatu_000291,nosferatu_000291.jpg,,
nosferatu_raw_000293,raw_frames/nosferatu_raw_000293.jpg,293,00:48:40,1 frame / 10 sec,31.292,34.403,4.765,00183c3e3c3e1800,13,,review,usable_candidate,kept,,nosferatu_000293,nosferatu_000293.jpg,,
nosferatu_raw_000296,raw_frames/nosferatu_raw_000296.jpg,296,00:49:10,1 frame / 10 sec,27.374,30.288,5.176,00387c7c2c7c3c00,15,,review,usable_candidate,kept,,nosferatu_000296,nosferatu_000296.jpg,,
nosferatu_raw_000297,raw_frames/nosferatu_raw_000297.jpg,297,00:49:20,1 frame / 10 sec,21.091,26.279,3.318,0018383c18183800,11,,remove,blurred,kept,,nosferatu_000297,nosferatu_000297.jpg,,
nosferatu_raw_000298,raw_frames/nosferatu_raw_000298.jpg,298,00:49:30,1 frame / 10 sec,62.047,51.983,5.957,0018183c7e7e7e18,14,,review,usable_candidate,kept,,nosferatu_000298,nosferatu_000298.jpg,,
nosferatu_raw_000301,raw_frames/nosferatu_raw_000301.jpg,301,00:50:00,1 frame / 10 sec,23.254,29.23,2.834,0038787078383000,15,,remove,blurred,kept,,nosferatu_000301,nosferatu_000301.jpg,,
nosferatu_raw_000304,raw_frames/nosferatu_raw_000304.jpg,304,00:50:30,1 frame / 10 sec,38.835,38.22,8.783,0000183838feff40,25,,review,usable_candidate,kept,,nosferatu_000304,nosferatu_000304.jpg,,
nosferatu_raw_000309,raw_frames/nosferatu_raw_000309.jpg,309,00:51:20,1 frame / 10 sec,23.571,25.94,4.219,0010600cfefcbc18,25,,review,usable_candidate,kept,,nosferatu_000309,nosferatu_000309.jpg,,
nosferatu_raw_000322,raw_frames/nosferatu_raw_000322.jpg,322,00:53:30,1 frame / 10 sec,14.528,18.365,4.283,00243c5c3e2f0600,17,,remove,black_frame,kept,,nosferatu_000322,nosferatu_000322.jpg,,
nosferatu_raw_000323,raw_frames/nosferatu_raw_000323.jpg,323,00:53:40,1 frame / 10 sec,12.583,17.091,2.222,0060f8b818383800,21,,remove,black_frame,kept,,nosferatu_000323,nosferatu_000323.jpg,,
nosferatu_raw_000325,raw_frames/nosferatu_raw_000325.jpg,325,00:54:00,1 frame / 10 sec,14.271,15.339,3.357,087c7c3c38181800,13,,remove,black_frame,kept,,nosferatu_000325,nosferatu_000325.jpg,,
nosferatu_raw_000327,raw_frames/nosferatu_raw_000327.jpg,327,00:54:20,1 frame / 10 sec,21.475,21.148,4.908,1f1f021a1e3e1a10,11,,review,usable_candidate,kept,,nosferatu_000327,nosferatu_000327.jpg,,
nosferatu_raw_000328,raw_frames/nosferatu_raw_000328.jpg,328,00:54:30,1 frame / 10 sec,20.555,26.144,3.741,040e1e1e1e3e1e00,12,,remove,blurred,kept,,nosferatu_000328,nosferatu_000328.jpg,,
nosferatu_raw_000329,raw_frames/nosferatu_raw_000329.jpg,329,00:54:40,1 frame / 10 sec,10.852,10.704,1.895,0018301c3c303838,20,,remove,black_frame,kept,,nosferatu_000329,nosferatu_000329.jpg,,
nosferatu_raw_000331,raw_frames/nosferatu_raw_000331.jpg,331,00:55:00,1 frame / 10 sec,13.911,17.414,3.54,00021e1e1f3f1800,20,,remove,black_frame,kept,,nosferatu_000331,nosferatu_000331.jpg,,
nosferatu_raw_000332,raw_frames/nosferatu_raw_000332.jpg,332,00:55:10,1 frame / 10 sec,22.588,26.294,4.224,000008185c0f3f7f,22,,review,usable_candidate,kept,,nosferatu_000332,nosferatu_000332.jpg,,
nosferatu_raw_000333,raw_frames/nosferatu_raw_000333.jpg,333,00:55:20,1 frame / 10 sec,14.312,21.653,3.965,00101c7e7a303000,27,,remove,black_frame,kept,,nosferatu_000333,nosferatu_000333.jpg,,
nosferatu_raw_000334,raw_frames/nosferatu_raw_000334.jpg,334,00:55:30,1 frame / 10 sec,12.363,16.339,2.856,0020f8f8f0787000,15,,remove,black_frame,kept,,nosferatu_000334,nosferatu_000334.jpg,,
nosferatu_raw_000337,raw_frames/nosferatu_raw_000337.jpg,337,00:56:00,1 frame / 10 sec,35.404,35.302,7.264,0000103838ffff00,23,,review,usable_candidate,kept,,nosferatu_000337,nosferatu_000337.jpg,,
nosferatu_raw_000338,raw_frames/nosferatu_raw_000338.jpg,338,00:56:10,1 frame / 10 sec,30.031,30.595,2.949,00083e3e7e1f0b00,18,,remove,blurred,kept,,nosferatu_000338,nosferatu_000338.jpg,,
nosferatu_raw_000340,raw_frames/nosferatu_raw_000340.jpg,340,00:56:30,1 frame / 10 sec,18.463,24.525,6.057,00006978b8f0c000,6,,review,usable_candidate,kept,,nosferatu_000340,nosferatu_000340.jpg,,
nosferatu_raw_000344,raw_frames/nosferatu_raw_000344.jpg,344,00:57:10,1 frame / 10 sec,20.44,23.285,4.462,0080c8cbc3c3c1c1,19,,review,usable_candidate,kept,,nosferatu_000344,nosferatu_000344.jpg,,
nosferatu_raw_000345,raw_frames/nosferatu_raw_000345.jpg,345,00:57:20,1 frame / 10 sec,16.751,20.679,2.963,0038383c38381800,37,,remove,black_frame,kept,,nosferatu_000345,nosferatu_000345.jpg,,
nosferatu_raw_000349,raw_frames/nosferatu_raw_000349.jpg,349,00:58:00,1 frame / 10 sec,14.504,10.6,3.867,20646e6e6e784030,15,,remove,black_frame,kept,,nosferatu_000349,nosferatu_000349.jpg,,
nosferatu_raw_000352,raw_frames/nosferatu_raw_000352.jpg,352,00:58:30,1 frame / 10 sec,18.545,21.005,3.0,0038383838381800,25,,remove,blurred,kept,,nosferatu_000352,nosferatu_000352.jpg,,
nosferatu_raw_000356,raw_frames/nosferatu_raw_000356.jpg,356,00:59:10,1 frame / 10 sec,29.425,17.944,5.22,003e7f7e267e7818,10,,review,usable_candidate,kept,,nosferatu_000356,nosferatu_000356.jpg,,
nosferatu_raw_000357,raw_frames/nosferatu_raw_000357.jpg,357,00:59:20,1 frame / 10 sec,40.112,36.722,4.97,003c3e7e7e7e0000,12,,review,usable_candidate,kept,,nosferatu_000357,nosferatu_000357.jpg,,
nosferatu_raw_000358,raw_frames/nosferatu_raw_000358.jpg,358,00:59:30,1 frame / 10 sec,38.448,34.486,7.803,000eefc7cf7e3800,19,,review,usable_candidate,kept,,nosferatu_000358,nosferatu_000358.jpg,,
nosferatu_raw_000359,raw_frames/nosferatu_raw_000359.jpg,359,00:59:40,1 frame / 10 sec,31.615,20.056,5.186,000e7f7e7e7e3818,13,,review,usable_candidate,kept,,nosferatu_000359,nosferatu_000359.jpg,,
nosferatu_raw_000362,raw_frames/nosferatu_raw_000362.jpg,362,01:00:10,1 frame / 10 sec,39.095,31.035,6.814,000eeeefef7e1800,13,,review,usable_candidate,kept,,nosferatu_000362,nosferatu_000362.jpg,,
nosferatu_raw_000364,raw_frames/nosferatu_raw_000364.jpg,364,01:00:30,1 frame / 10 sec,35.716,25.283,6.141,001efe3e06067800,5,nosferatu_raw_000363,remove,near_duplicate,kept,,nosferatu_000364,nosferatu_000364.jpg,,
nosferatu_raw_000365,raw_frames/nosferatu_raw_000365.jpg,365,01:00:40,1 frame / 10 sec,36.037,30.76,6.681,000aeeefef7e1800,18,,review,usable_candidate,kept,,nosferatu_000365,nosferatu_000365.jpg,,
nosferatu_raw_000367,raw_frames/nosferatu_raw_000367.jpg,367,01:01:00,1 frame / 10 sec,14.95,17.775,5.634,2c7e7e6c28280000,20,,remove,black_frame,kept,,nosferatu_000367,nosferatu_000367.jpg,,
nosferatu_raw_000368,raw_frames/nosferatu_raw_000368.jpg,368,01:01:10,1 frame / 10 sec,30.775,30.507,4.853,00081c3c3c1c1e2e,26,,review,usable_candidate,kept,,nosferatu_000368,nosferatu_000368.jpg,,
nosferatu_raw_000370,raw_frames/nosferatu_raw_000370.jpg,370,01:01:30,1 frame / 10 sec,39.759,40.976,9.669,4048dcdcdcec7c00,23,,review,usable_candidate,kept,,nosferatu_000370,nosferatu_000370.jpg,,
nosferatu_raw_000371,raw_frames/nosferatu_raw_000371.jpg,371,01:01:40,1 frame / 10 sec,40.828,31.362,7.533,003cfdfed6c64000,18,,review,usable_candidate,kept,,nosferatu_000371,nosferatu_000371.jpg,,
nosferatu_raw_000372,raw_frames/nosferatu_raw_000372.jpg,372,01:01:50,1 frame / 10 sec,47.716,34.793,8.065,002c3d3c3c3e3404,21,,review,usable_candidate,kept,,nosferatu_000372,nosferatu_000372.jpg,,
nosferatu_raw_000375,raw_frames/nosferatu_raw_000375.jpg,375,01:02:20,1 frame / 10 sec,44.423,33.488,6.189,084c7c3e3e3e1e10,3,nosferatu_raw_000374,remove,near_duplicate,kept,,nosferatu_000375,nosferatu_000375.jpg,,
nosferatu_raw_000376,raw_frames/nosferatu_raw_000376.jpg,376,01:02:30,1 frame / 10 sec,36.507,30.3,5.358,004c6c7c7c7c1818,11,,review,usable_candidate,kept,,nosferatu_000376,nosferatu_000376.jpg,,
nosferatu_raw_000381,raw_frames/nosferatu_raw_000381.jpg,381,01:03:20,1 frame / 10 sec,35.881,33.585,4.59,003030783c3c1e1a,20,,review,usable_candidate,kept,,nosferatu_000381,nosferatu_000381.jpg,,
nosferatu_raw_000384,raw_frames/nosferatu_raw_000384.jpg,384,01:03:50,1 frame / 10 sec,49.951,40.707,3.867,00070f1f3f1f1e0a,23,,remove,blurred,kept,,nosferatu_000384,nosferatu_000384.jpg,,
nosferatu_raw_000387,raw_frames/nosferatu_raw_000387.jpg,387,01:04:20,1 frame / 10 sec,57.269,37.751,5.565,00107676fefe2600,12,,review,usable_candidate,kept,,nosferatu_000387,nosferatu_000387.jpg,,
nosferatu_raw_000391,raw_frames/nosferatu_raw_000391.jpg,391,01:05:00,1 frame / 10 sec,49.95,43.219,4.767,004070f8787c7c08,15,,review,usable_candidate,kept,,nosferatu_000391,nosferatu_000391.jpg,,
nosferatu_raw_000394,raw_frames/nosferatu_raw_000394.jpg,394,01:05:30,1 frame / 10 sec,50.306,39.918,6.353,00006b7f7f6f4000,14,,review,usable_candidate,kept,,nosferatu_000394,nosferatu_000394.jpg,,
nosferatu_raw_000397,raw_frames/nosferatu_raw_000397.jpg,397,01:06:00,1 frame / 10 sec,33.893,34.031,7.21,00007c7c7c7c7c18,3,nosferatu_raw_000396,remove,near_duplicate,kept,,nosferatu_000397,nosferatu_000397.jpg,,
nosferatu_raw_000399,raw_frames/nosferatu_raw_000399.jpg,399,01:06:20,1 frame / 10 sec,66.818,37.163,13.904,f7f42e0603131b03,33,,review,usable_candidate,kept,,nosferatu_000399,nosferatu_000399.jpg,,
nosferatu_raw_000401,raw_frames/nosferatu_raw_000401.jpg,401,01:06:40,1 frame / 10 sec,30.567,21.844,6.096,00404cfff75f5e00,38,,review,usable_candidate,kept,,nosferatu_000401,nosferatu_000401.jpg,,
nosferatu_raw_000403,raw_frames/nosferatu_raw_000403.jpg,403,01:07:00,1 frame / 10 sec,18.499,24.162,2.747,0030381838181818,15,,remove,blurred,kept,,nosferatu_000403,nosferatu_000403.jpg,,
nosferatu_raw_000406,raw_frames/nosferatu_raw_000406.jpg,406,01:07:30,1 frame / 10 sec,30.684,37.741,6.203,0119391818181810,20,,review,usable_candidate,kept,,nosferatu_000406,nosferatu_000406.jpg,,
nosferatu_raw_000408,raw_frames/nosferatu_raw_000408.jpg,408,01:07:50,1 frame / 10 sec,23.882,28.679,3.89,041c066606063606,3,nosferatu_raw_000407,remove,blurred,kept,,nosferatu_000408,nosferatu_000408.jpg,,
nosferatu_raw_000409,raw_frames/nosferatu_raw_000409.jpg,409,01:08:00,1 frame / 10 sec,29.008,30.799,5.753,00383c3434747060,24,,review,usable_candidate,kept,,nosferatu_000409,nosferatu_000409.jpg,,
nosferatu_raw_000410,raw_frames/nosferatu_raw_000410.jpg,410,01:08:10,1 frame / 10 sec,31.965,36.015,6.294,00383c3c3c343030,6,,review,usable_candidate,kept,,nosferatu_000410,nosferatu_000410.jpg,,
nosferatu_raw_000411,raw_frames/nosferatu_raw_000411.jpg,411,01:08:20,1 frame / 10 sec,31.04,31.923,4.603,007c7e3e1c301810,10,,review,usable_candidate,kept,,nosferatu_000411,nosferatu_000411.jpg,,
nosferatu_raw_000412,raw_frames/nosferatu_raw_000412.jpg,412,01:08:30,1 frame / 10 sec,70.294,36.296,10.396,efe748485e1e1e11,30,,review,usable_candidate,kept,,nosferatu_000412,nosferatu_000412.jpg,,
nosferatu_raw_000414,raw_frames/nosferatu_raw_000414.jpg,414,01:08:50,1 frame / 10 sec,21.735,19.288,3.2,007878780e436000,21,,remove,blurred,kept,,nosferatu_000414,nosferatu_000414.jpg,,
nosferatu_raw_000415,raw_frames/nosferatu_raw_000415.jpg,415,01:09:00,1 frame / 10 sec,19.269,19.206,3.701,00f8f8d818181e02,19,,remove,blurred,kept,,nosferatu_000415,nosferatu_000415.jpg,,
nosferatu_raw_000416,raw_frames/nosferatu_raw_000416.jpg,416,01:09:10,1 frame / 10 sec,23.729,25.286,5.034,000e3e763e20240c,28,,review,usable_candidate,kept,,nosferatu_000416,nosferatu_000416.jpg,,
nosferatu_raw_000418,raw_frames/nosferatu_raw_000418.jpg,418,01:09:30,1 frame / 10 sec,32.437,30.961,6.724,00006e666660646c,14,,review,usable_candidate,kept,,nosferatu_000418,nosferatu_000418.jpg,,
nosferatu_raw_000430,raw_frames/nosferatu_raw_000430.jpg,430,01:11:30,1 frame / 10 sec,27.281,34.678,5.956,0307cf4f0c0c0000,2,nosferatu_raw_000429,remove,near_duplicate,kept,,nosferatu_000430,nosferatu_000430.jpg,,
nosferatu_raw_000431,raw_frames/nosferatu_raw_000431.jpg,431,01:11:40,1 frame / 10 sec,30.011,35.655,5.354,031b1f0f06060600,13,,review,usable_candidate,kept,,nosferatu_000431,nosferatu_000431.jpg,,
nosferatu_raw_000432,raw_frames/nosferatu_raw_000432.jpg,432,01:11:50,1 frame / 10 sec,33.166,36.845,3.232,081c1c1c1e1f0e00,17,,remove,blurred,kept,,nosferatu_000432,nosferatu_000432.jpg,,
nosferatu_raw_000435,raw_frames/nosferatu_raw_000435.jpg,435,01:12:20,1 frame / 10 sec,19.111,20.69,3.805,0032782c3c3c1c10,19,,remove,blurred,kept,,nosferatu_000435,nosferatu_000435.jpg,,
nosferatu_raw_000438,raw_frames/nosferatu_raw_000438.jpg,438,01:12:50,1 frame / 10 sec,26.966,25.575,3.998,000c0f071f1e1800,20,,remove,blurred,kept,,nosferatu_000438,nosferatu_000438.jpg,,
nosferatu_raw_000439,raw_frames/nosferatu_raw_000439.jpg,439,01:13:00,1 frame / 10 sec,21.28,19.163,3.869,0002363e33323032,22,,remove,blurred,kept,,nosferatu_000439,nosferatu_000439.jpg,,
nosferatu_raw_000440,raw_frames/nosferatu_raw_000440.jpg,440,01:13:10,1 frame / 10 sec,26.597,29.945,4.555,000c1e1e1e1c1c08,21,,review,usable_candidate,kept,,nosferatu_000440,nosferatu_000440.jpg,,
nosferatu_raw_000446,raw_frames/nosferatu_raw_000446.jpg,446,01:14:10,1 frame / 10 sec,27.189,31.114,4.772,02032f3f1f0e0c0c,6,,review,usable_candidate,kept,,nosferatu_000446,nosferatu_000446.jpg,,
nosferatu_raw_000453,raw_frames/nosferatu_raw_000453.jpg,453,01:15:20,1 frame / 10 sec,77.266,46.447,11.943,bfbb808885070707,44,,review,usable_candidate,kept,,nosferatu_000453,nosferatu_000453.jpg,,
nosferatu_raw_000457,raw_frames/nosferatu_raw_000457.jpg,457,01:16:00,1 frame / 10 sec,13.782,14.341,3.735,3c7c6c6c2c081c00,23,,remove,black_frame,kept,,nosferatu_000457,nosferatu_000457.jpg,,
nosferatu_raw_000458,raw_frames/nosferatu_raw_000458.jpg,458,01:16:10,1 frame / 10 sec,12.53,11.799,3.124,3e7e6e4604003400,11,,remove,black_frame,kept,,nosferatu_000458,nosferatu_000458.jpg,,
nosferatu_raw_000463,raw_frames/nosferatu_raw_000463.jpg,463,01:17:00,1 frame / 10 sec,18.291,16.988,3.258,0e5edecec2c20200,23,,remove,blurred,kept,,nosferatu_000463,nosferatu_000463.jpg,,
nosferatu_raw_000464,raw_frames/nosferatu_raw_000464.jpg,464,01:17:10,1 frame / 10 sec,19.819,18.318,3.432,0e4ed6d4d4cc000c,14,,remove,blurred,kept,,nosferatu_000464,nosferatu_000464.jpg,,
nosferatu_raw_000465,raw_frames/nosferatu_raw_000465.jpg,465,01:17:20,1 frame / 10 sec,20.233,24.383,3.252,002078787c0c0c08,25,,remove,blurred,kept,,nosferatu_000465,nosferatu_000465.jpg,,
nosferatu_raw_000466,raw_frames/nosferatu_raw_000466.jpg,466,01:17:30,1 frame / 10 sec,17.762,17.639,3.531,044ef2dec4d80018,24,,remove,black_frame,kept,,nosferatu_000466,nosferatu_000466.jpg,,
nosferatu_raw_000469,raw_frames/nosferatu_raw_000469.jpg,469,01:18:00,1 frame / 10 sec,27.445,21.735,7.676,3e3e3f1f13070c00,25,,review,usable_candidate,kept,,nosferatu_000469,nosferatu_000469.jpg,,
nosferatu_raw_000470,raw_frames/nosferatu_raw_000470.jpg,470,01:18:10,1 frame / 10 sec,25.093,17.842,2.634,003c3e7e7e7e3c00,22,,remove,blurred,kept,,nosferatu_000470,nosferatu_000470.jpg,,
nosferatu_raw_000472,raw_frames/nosferatu_raw_000472.jpg,472,01:18:30,1 frame / 10 sec,22.347,25.578,3.513,08181c1c3c3c1c00,17,,remove,blurred,kept,,nosferatu_000472,nosferatu_000472.jpg,,
nosferatu_raw_000473,raw_frames/nosferatu_raw_000473.jpg,473,01:18:40,1 frame / 10 sec,32.678,31.142,5.285,00047e7c5c0c1c18,15,,review,usable_candidate,kept,,nosferatu_000473,nosferatu_000473.jpg,,
nosferatu_raw_000474,raw_frames/nosferatu_raw_000474.jpg,474,01:18:50,1 frame / 10 sec,30.003,36.793,4.919,081c1c1c1c1c0c1c,12,,review,usable_candidate,kept,,nosferatu_000474,nosferatu_000474.jpg,,
nosferatu_raw_000475,raw_frames/nosferatu_raw_000475.jpg,475,01:19:00,1 frame / 10 sec,42.146,48.404,5.624,00101010f33f3f3e,23,,review,usable_candidate,kept,,nosferatu_000475,nosferatu_000475.jpg,,
nosferatu_raw_000476,raw_frames/nosferatu_raw_000476.jpg,476,01:19:10,1 frame / 10 sec,35.092,43.712,2.945,000000193f7f161e,13,,remove,blurred,kept,,nosferatu_000476,nosferatu_000476.jpg,,
nosferatu_raw_000479,raw_frames/nosferatu_raw_000479.jpg,479,01:19:40,1 frame / 10 sec,35.563,32.778,3.371,00183e7e7c3e1c04,17,,remove,blurred,kept,,nosferatu_000479,nosferatu_000479.jpg,,
nosferatu_raw_000487,raw_frames/nosferatu_raw_000487.jpg,487,01:21:00,1 frame / 10 sec,31.062,29.704,4.058,003c3e7333333600,29,,review,usable_candidate,kept,,nosferatu_000487,nosferatu_000487.jpg,,
nosferatu_raw_000491,raw_frames/nosferatu_raw_000491.jpg,491,01:21:40,1 frame / 10 sec,28.703,38.623,2.971,001818383c3c3810,14,,remove,blurred,kept,,nosferatu_000491,nosferatu_000491.jpg,,
nosferatu_raw_000493,raw_frames/nosferatu_raw_000493.jpg,493,01:22:00,1 frame / 10 sec,19.733,19.819,5.246,3c382c6e26360c00,21,,review,usable_candidate,kept,,nosferatu_000493,nosferatu_000493.jpg,,
nosferatu_raw_000494,raw_frames/nosferatu_raw_000494.jpg,494,01:22:10,1 frame / 10 sec,31.681,38.278,2.818,0018383838383030,24,,remove,blurred,kept,,nosferatu_000494,nosferatu_000494.jpg,,
nosferatu_raw_000496,raw_frames/nosferatu_raw_000496.jpg,496,01:22:30,1 frame / 10 sec,17.555,25.074,4.115,307c7c7010100000,25,,remove,black_frame,kept,,nosferatu_000496,nosferatu_000496.jpg,,
nosferatu_raw_000498,raw_frames/nosferatu_raw_000498.jpg,498,01:22:50,1 frame / 10 sec,15.236,16.645,4.594,081c7e7e7c380000,24,,remove,black_frame,kept,,nosferatu_000498,nosferatu_000498.jpg,,
nosferatu_raw_000499,raw_frames/nosferatu_raw_000499.jpg,499,01:23:00,1 frame / 10 sec,33.95,40.779,2.465,0000264a4e3e3c18,21,,remove,blurred,kept,,nosferatu_000499,nosferatu_000499.jpg,,
nosferatu_raw_000500,raw_frames/nosferatu_raw_000500.jpg,500,01:23:10,1 frame / 10 sec,33.994,40.136,2.838,0010181e1c3c3c00,15,,remove,blurred,kept,,nosferatu_000500,nosferatu_000500.jpg,,
nosferatu_raw_000501,raw_frames/nosferatu_raw_000501.jpg,501,01:23:20,1 frame / 10 sec,19.398,25.332,3.055,000636362e0c0000,18,,remove,blurred,kept,,nosferatu_000501,nosferatu_000501.jpg,,
nosferatu_raw_000504,raw_frames/nosferatu_raw_000504.jpg,504,01:23:50,1 frame / 10 sec,17.334,17.593,2.874,0020626e2e0e0000,15,,remove,black_frame,kept,,nosferatu_000504,nosferatu_000504.jpg,,
nosferatu_raw_000505,raw_frames/nosferatu_raw_000505.jpg,505,01:24:00,1 frame / 10 sec,24.01,31.475,3.819,004e4e5e5c400000,18,,remove,blurred,kept,,nosferatu_000505,nosferatu_000505.jpg,,
nosferatu_raw_000506,raw_frames/nosferatu_raw_000506.jpg,506,01:24:10,1 frame / 10 sec,42.214,33.301,10.449,2c2c2c6c043e7e38,30,,review,usable_candidate,kept,,nosferatu_000506,nosferatu_000506.jpg,,
nosferatu_raw_000507,raw_frames/nosferatu_raw_000507.jpg,507,01:24:20,1 frame / 10 sec,45.089,44.736,3.137,000018183c3c3c18,20,,remove,blurred,kept,,nosferatu_000507,nosferatu_000507.jpg,,
nosferatu_raw_000508,raw_frames/nosferatu_raw_000508.jpg,508,01:24:30,1 frame / 10 sec,35.023,32.617,9.128,7c5c5a5ccc4a0020,29,,review,usable_candidate,kept,,nosferatu_000508,nosferatu_000508.jpg,,
nosferatu_raw_000510,raw_frames/nosferatu_raw_000510.jpg,510,01:24:50,1 frame / 10 sec,22.928,26.266,3.743,00b6fee2e0800000,25,,remove,blurred,kept,,nosferatu_000510,nosferatu_000510.jpg,,
nosferatu_raw_000511,raw_frames/nosferatu_raw_000511.jpg,511,01:25:00,1 frame / 10 sec,44.264,40.876,10.059,0030301002fefc78,33,,review,usable_candidate,kept,,nosferatu_000511,nosferatu_000511.jpg,,
nosferatu_raw_000514,raw_frames/nosferatu_raw_000514.jpg,514,01:25:30,1 frame / 10 sec,30.793,32.384,8.131,1858fcfcccc40000,24,,review,usable_candidate,kept,,nosferatu_000514,nosferatu_000514.jpg,,
nosferatu_raw_000515,raw_frames/nosferatu_raw_000515.jpg,515,01:25:40,1 frame / 10 sec,32.535,29.869,7.037,183c3e3c040e2f06,22,,review,usable_candidate,kept,,nosferatu_000515,nosferatu_000515.jpg,,
nosferatu_raw_000516,raw_frames/nosferatu_raw_000516.jpg,516,01:25:50,1 frame / 10 sec,50.029,51.344,3.189,00081c187c7e3e18,22,,remove,blurred,kept,,nosferatu_000516,nosferatu_000516.jpg,,
nosferatu_raw_000517,raw_frames/nosferatu_raw_000517.jpg,517,01:26:00,1 frame / 10 sec,43.868,33.845,10.127,30303000003e7c38,19,,review,usable_candidate,kept,,nosferatu_000517,nosferatu_000517.jpg,,
nosferatu_raw_000518,raw_frames/nosferatu_raw_000518.jpg,518,01:26:10,1 frame / 10 sec,44.871,34.491,10.15,30f0beb8007e7830,13,,review,usable_candidate,kept,,nosferatu_000518,nosferatu_000518.jpg,,
nosferatu_raw_000519,raw_frames/nosferatu_raw_000519.jpg,519,01:26:20,1 frame / 10 sec,18.559,21.691,2.701,1c7e3e3636000000,28,,remove,blurred,kept,,nosferatu_000519,nosferatu_000519.jpg,,
nosferatu_raw_000520,raw_frames/nosferatu_raw_000520.jpg,520,01:26:30,1 frame / 10 sec,40.344,32.469,8.835,34fffe9a02007878,21,,review,usable_candidate,kept,,nosferatu_000520,nosferatu_000520.jpg,,
nosferatu_raw_000521,raw_frames/nosferatu_raw_000521.jpg,521,01:26:40,1 frame / 10 sec,40.762,35.336,7.082,747e7e1e1e1e1810,18,,review,usable_candidate,kept,,nosferatu_000521,nosferatu_000521.jpg,,
nosferatu_raw_000523,raw_frames/nosferatu_raw_000523.jpg,523,01:27:00,1 frame / 10 sec,22.6,24.177,6.882,0242e666261e1e18,19,,review,usable_candidate,kept,,nosferatu_000523,nosferatu_000523.jpg,,
nosferatu_raw_000525,raw_frames/nosferatu_raw_000525.jpg,525,01:27:20,1 frame / 10 sec,26.967,30.222,6.665,040e0e0e0edc5860,24,,review,usable_candidate,kept,,nosferatu_000525,nosferatu_000525.jpg,,
nosferatu_raw_000526,raw_frames/nosferatu_raw_000526.jpg,526,01:27:30,1 frame / 10 sec,21.258,22.512,6.616,0246e676360e0c48,24,,review,usable_candidate,kept,,nosferatu_000526,nosferatu_000526.jpg,,
nosferatu_raw_000527,raw_frames/nosferatu_raw_000527.jpg,527,01:27:40,1 frame / 10 sec,27.3,31.715,6.752,000c3e3f68707840,27,,review,usable_candidate,kept,,nosferatu_000527,nosferatu_000527.jpg,,
nosferatu_raw_000529,raw_frames/nosferatu_raw_000529.jpg,529,01:28:00,1 frame / 10 sec,25.025,30.189,4.728,003c3c3c3c3a0000,11,,review,usable_candidate,kept,,nosferatu_000529,nosferatu_000529.jpg,,
nosferatu_raw_000533,raw_frames/nosferatu_raw_000533.jpg,533,01:28:40,1 frame / 10 sec,29.603,25.025,3.153,0c766e7e7c3c1000,14,,remove,blurred,kept,,nosferatu_000533,nosferatu_000533.jpg,,
nosferatu_raw_000534,raw_frames/nosferatu_raw_000534.jpg,534,01:28:50,1 frame / 10 sec,24.67,32.352,5.792,1c3c7e7c3c040000,11,,review,usable_candidate,kept,,nosferatu_000534,nosferatu_000534.jpg,,
nosferatu_raw_000536,raw_frames/nosferatu_raw_000536.jpg,536,01:29:10,1 frame / 10 sec,20.036,24.017,2.226,081c3c3c38180000,25,,remove,blurred,kept,,nosferatu_000536,nosferatu_000536.jpg,,
nosferatu_raw_000541,raw_frames/nosferatu_raw_000541.jpg,541,01:30:00,1 frame / 10 sec,16.767,18.447,2.682,0f0f181000000000,23,,remove,black_frame,kept,,nosferatu_000541,nosferatu_000541.jpg,,
nosferatu_raw_000547,raw_frames/nosferatu_raw_000547.jpg,547,01:31:00,1 frame / 10 sec,18.775,23.715,2.828,001010343c383030,14,,remove,blurred,kept,,nosferatu_000547,nosferatu_000547.jpg,,
nosferatu_raw_000549,raw_frames/nosferatu_raw_000549.jpg,549,01:31:20,1 frame / 10 sec,22.872,27.395,4.567,0020207c7e703030,16,,review,usable_candidate,kept,,nosferatu_000549,nosferatu_000549.jpg,,
nosferatu_raw_000550,raw_frames/nosferatu_raw_000550.jpg,550,01:31:30,1 frame / 10 sec,22.169,21.265,2.305,00080c1b3b3e3c38,20,,remove,blurred,kept,,nosferatu_000550,nosferatu_000550.jpg,,
nosferatu_raw_000555,raw_frames/nosferatu_raw_000555.jpg,555,01:32:20,1 frame / 10 sec,50.212,42.607,8.553,000080e0fcfe3f0c,8,,review,usable_candidate,kept,,nosferatu_000555,nosferatu_000555.jpg,,
nosferatu_raw_000556,raw_frames/nosferatu_raw_000556.jpg,556,01:32:30,1 frame / 10 sec,28.436,37.408,3.537,000008707c7c1c00,12,,remove,blurred,kept,,nosferatu_000556,nosferatu_000556.jpg,,
nosferatu_raw_000558,raw_frames/nosferatu_raw_000558.jpg,558,01:32:50,1 frame / 10 sec,37.305,34.493,7.286,0080c2c2fc7c3c00,4,nosferatu_raw_000557,remove,near_duplicate,kept,,nosferatu_000558,nosferatu_000558.jpg,,
nosferatu_raw_000559,raw_frames/nosferatu_raw_000559.jpg,559,01:33:00,1 frame / 10 sec,31.768,30.796,6.394,00a0b0f0fc6c2c00,10,,review,usable_candidate,kept,,nosferatu_000559,nosferatu_000559.jpg,,
nosferatu_raw_000561,raw_frames/nosferatu_raw_000561.jpg,561,01:33:20,1 frame / 10 sec,39.273,38.114,3.431,0000d8dabe3c1800,13,,remove,blurred,kept,,nosferatu_000561,nosferatu_000561.jpg,,
nosferatu_raw_000565,raw_frames/nosferatu_raw_000565.jpg,565,01:34:00,1 frame / 10 sec,7.947,12.392,1.421,18183c3c08000000,13,,remove,black_frame,kept,,nosferatu_000565,nosferatu_000565.jpg,,
nosferatu_raw_000566,raw_frames/nosferatu_raw_000566.jpg,566,01:34:10,1 frame / 10 sec,39.08,31.778,3.559,00187f3f3e1c3820,18,,remove,blurred,kept,,nosferatu_000566,nosferatu_000566.jpg,,
nosferatu_raw_000568,raw_frames/nosferatu_raw_000568.jpg,568,01:34:30,1 frame / 10 sec,70.272,40.457,9.385,00e0ecfe6f7e3e16,19,,review,usable_candidate,kept,,nosferatu_000568,nosferatu_000568.jpg,,
nosferatu_raw_000570,raw_frames/nosferatu_raw_000570.jpg,570,01:34:50,1 frame / 10 sec,12.024,7.443,1.787,fffe9c1c1c1c0000,24,,remove,black_frame,kept,,nosferatu_000570,nosferatu_000570.jpg,,
nosferatu_raw_000571,raw_frames/nosferatu_raw_000571.jpg,571,01:35:00,1 frame / 10 sec,21.243,24.058,5.176,1c3c3c3e3e000000,17,,review,usable_candidate,kept,,nosferatu_000571,nosferatu_000571.jpg,,
nosferatu_raw_000572,raw_frames/nosferatu_raw_000572.jpg,572,01:35:10,1 frame / 10 sec,26.085,29.132,5.758,00809080c0e07020,32,,review,usable_candidate,kept,,nosferatu_000572,nosferatu_000572.jpg,,
nosferatu_raw_000573,raw_frames/nosferatu_raw_000573.jpg,573,01:35:20,1 frame / 10 sec,15.723,17.781,2.251,00023630301c0e0c,28,,remove,black_frame,kept,,nosferatu_000573,nosferatu_000573.jpg,,
nosferatu_raw_000574,raw_frames/nosferatu_raw_000574.jpg,574,01:35:30,1 frame / 10 sec,34.817,33.055,7.006,8080c0c0e0fe3e04,23,,review,usable_candidate,kept,,nosferatu_000574,nosferatu_000574.jpg,,
nosferatu_raw_000576,raw_frames/nosferatu_raw_000576.jpg,576,01:35:50,1 frame / 10 sec,37.471,34.411,7.139,8080c0d0f0fa3e10,27,,review,usable_candidate,kept,,nosferatu_000576,nosferatu_000576.jpg,,
nosferatu_raw_000577,raw_frames/nosferatu_raw_000577.jpg,577,01:36:00,1 frame / 10 sec,28.915,30.889,4.984,c0c0d8d0f0f01800,10,,review,usable_candidate,kept,,nosferatu_000577,nosferatu_000577.jpg,,
nosferatu_raw_000579,raw_frames/nosferatu_raw_000579.jpg,579,01:36:20,1 frame / 10 sec,23.212,25.281,4.517,0010fc7e3c1c1800,9,,review,usable_candidate,kept,,nosferatu_000579,nosferatu_000579.jpg,,
nosferatu_raw_000581,raw_frames/nosferatu_raw_000581.jpg,581,01:36:40,1 frame / 10 sec,20.961,23.209,4.063,303a7a7878381000,15,,review,usable_candidate,kept,,nosferatu_000581,nosferatu_000581.jpg,,
nosferatu_raw_000582,raw_frames/nosferatu_raw_000582.jpg,582,01:36:50,1 frame / 10 sec,29.065,30.859,5.261,003c7c3e7e181800,13,,review,usable_candidate,kept,,nosferatu_000582,nosferatu_000582.jpg,,
nosferatu_raw_000585,raw_frames/nosferatu_raw_000585.jpg,585,01:37:20,1 frame / 10 sec,34.319,30.837,5.665,00f0f2ffc78f0c0c,25,,review,usable_candidate,kept,,nosferatu_000585,nosferatu_000585.jpg,,
nosferatu_raw_000586,raw_frames/nosferatu_raw_000586.jpg,586,01:37:30,1 frame / 10 sec,35.2,31.725,5.368,00f0faf3cf8e0c0c,5,nosferatu_raw_000585,remove,near_duplicate,kept,,nosferatu_000586,nosferatu_000586.jpg,,
nosferatu_raw_000587,raw_frames/nosferatu_raw_000587.jpg,587,01:37:40,1 frame / 10 sec,38.192,32.97,5.589,0098f8c3cf8f0c0c,7,,review,usable_candidate,kept,,nosferatu_000587,nosferatu_000587.jpg,,
nosferatu_raw_000591,raw_frames/nosferatu_raw_000591.jpg,591,01:38:20,1 frame / 10 sec,25.646,23.949,5.39,787efefcd00d0f00,6,,review,usable_candidate,kept,,nosferatu_000591,nosferatu_000591.jpg,,
nosferatu_raw_000593,raw_frames/nosferatu_raw_000593.jpg,593,01:38:40,1 frame / 10 sec,31.042,28.082,4.441,043c38bbfbd81000,18,,review,usable_candidate,kept,,nosferatu_000593,nosferatu_000593.jpg,,
nosferatu_raw_000595,raw_frames/nosferatu_raw_000595.jpg,595,01:39:00,1 frame / 10 sec,29.763,27.415,4.893,0c3e3abaf2f22000,21,,review,usable_candidate,kept,,nosferatu_000595,nosferatu_000595.jpg,,
nosferatu_raw_000597,raw_frames/nosferatu_raw_000597.jpg,597,01:39:20,1 frame / 10 sec,27.88,24.868,9.019,00263e7c3c18180c,12,,review,usable_candidate,kept,,nosferatu_000597,nosferatu_000597.jpg,,
nosferatu_raw_000599,raw_frames/nosferatu_raw_000599.jpg,599,01:39:40,1 frame / 10 sec,27.37,23.062,8.567,002272721c181c0c,12,,review,usable_candidate,kept,,nosferatu_000599,nosferatu_000599.jpg,,
nosferatu_raw_000600,raw_frames/nosferatu_raw_000600.jpg,600,01:39:50,1 frame / 10 sec,31.468,26.67,9.78,00227e7c181c180c,8,,review,usable_candidate,kept,,nosferatu_000600,nosferatu_000600.jpg,,
nosferatu_raw_000601,raw_frames/nosferatu_raw_000601.jpg,601,01:40:00,1 frame / 10 sec,30.69,25.251,9.402,00667e7438381c0c,7,,review,usable_candidate,kept,,nosferatu_000601,nosferatu_000601.jpg,,
nosferatu_raw_000602,raw_frames/nosferatu_raw_000602.jpg,602,01:40:10,1 frame / 10 sec,19.937,22.434,3.402,0038383a30383000,18,,remove,blurred,kept,,nosferatu_000602,nosferatu_000602.jpg,,
nosferatu_raw_000603,raw_frames/nosferatu_raw_000603.jpg,603,01:40:20,1 frame / 10 sec,29.073,24.549,8.688,00627672381c1c0c,18,,review,usable_candidate,kept,,nosferatu_000603,nosferatu_000603.jpg,,
nosferatu_raw_000606,raw_frames/nosferatu_raw_000606.jpg,606,01:40:50,1 frame / 10 sec,29.243,21.183,4.56,1d7f3f7f4e0c0000,30,,review,usable_candidate,kept,,nosferatu_000606,nosferatu_000606.jpg,,
nosferatu_raw_000617,raw_frames/nosferatu_raw_000617.jpg,617,01:42:40,1 frame / 10 sec,25.665,17.878,5.626,76fefed28b810018,34,,review,usable_candidate,kept,,nosferatu_000617,nosferatu_000617.jpg,,
nosferatu_raw_000620,raw_frames/nosferatu_raw_000620.jpg,620,01:43:10,1 frame / 10 sec,41.477,34.191,13.362,183c7e66425a4200,18,,review,usable_candidate,kept,,nosferatu_000620,nosferatu_000620.jpg,,
nosferatu_raw_000621,raw_frames/nosferatu_raw_000621.jpg,621,01:43:20,1 frame / 10 sec,40.036,32.776,12.99,183c7e664a5a4000,2,nosferatu_raw_000620,remove,near_duplicate,kept,,nosferatu_000621,nosferatu_000621.jpg,,
nosferatu_raw_000623,raw_frames/nosferatu_raw_000623.jpg,623,01:43:40,1 frame / 10 sec,55.445,18.588,3.929,1c7e7e7e7e7c3800,10,,remove,blurred,kept,,nosferatu_000623,nosferatu_000623.jpg,,
nosferatu_raw_000624,raw_frames/nosferatu_raw_000624.jpg,624,01:43:50,1 frame / 10 sec,70.406,49.926,6.979,ff02a7a180000000,37,,review,usable_candidate,kept,,nosferatu_000624,nosferatu_000624.jpg,,
nosferatu_raw_000625,raw_frames/nosferatu_raw_000625.jpg,625,01:44:00,1 frame / 10 sec,12.558,13.581,3.25,10f06c6c48e82000,30,,remove,black_frame,kept,,nosferatu_000625,nosferatu_000625.jpg,,
nosferatu_raw_000627,raw_frames/nosferatu_raw_000627.jpg,627,01:44:20,1 frame / 10 sec,21.629,25.783,4.198,0003226b63626000,18,,review,usable_candidate,kept,,nosferatu_000627,nosferatu_000627.jpg,,
nosferatu_raw_000628,raw_frames/nosferatu_raw_000628.jpg,628,01:44:30,1 frame / 10 sec,20.249,23.984,5.356,00181c1c1c1c1808,33,,review,usable_candidate,kept,,nosferatu_000628,nosferatu_000628.jpg,,
nosferatu_raw_000629,raw_frames/nosferatu_raw_000629.jpg,629,01:44:40,1 frame / 10 sec,33.887,30.39,3.243,0020383838383838,14,,remove,blurred,kept,,nosferatu_000629,nosferatu_000629.jpg,,
nosferatu_raw_000632,raw_frames/nosferatu_raw_000632.jpg,632,01:45:10,1 frame / 10 sec,51.22,34.534,10.003,3e7e7e7a7a783000,5,nosferatu_raw_000631,remove,near_duplicate,kept,,nosferatu_000632,nosferatu_000632.jpg,,
nosferatu_raw_000634,raw_frames/nosferatu_raw_000634.jpg,634,01:45:30,1 frame / 10 sec,17.708,16.453,2.529,e0c0eb3d3c000000,21,,remove,black_frame,kept,,nosferatu_000634,nosferatu_000634.jpg,,
